Entidad,Fecha,Recuperados
AGUASCALIENTES,2020-03-22,1
AGUASCALIENTES,2020-03-25,1
AGUASCALIENTES,2020-03-27,1
AGUASCALIENTES,2020-03-29,1
AGUASCALIENTES,2020-03-30,1
AGUASCALIENTES,2020-03-31,2
AGUASCALIENTES,2020-04-01,2
AGUASCALIENTES,2020-04-02,4
AGUASCALIENTES,2020-04-03,2
AGUASCALIENTES,2020-04-04,2
AGUASCALIENTES,2020-04-06,5
AGUASCALIENTES,2020-04-07,9
AGUASCALIENTES,2020-04-08,5
AGUASCALIENTES,2020-04-09,5
AGUASCALIENTES,2020-04-10,4
AGUASCALIENTES,2020-04-11,5
AGUASCALIENTES,2020-04-12,2
AGUASCALIENTES,2020-04-13,3
AGUASCALIENTES,2020-04-14,3
AGUASCALIENTES,2020-04-16,1
AGUASCALIENTES,2020-04-17,2
AGUASCALIENTES,2020-04-20,1
AGUASCALIENTES,2020-04-21,4
AGUASCALIENTES,2020-04-22,3
AGUASCALIENTES,2020-04-23,1
AGUASCALIENTES,2020-04-24,3
AGUASCALIENTES,2020-04-25,5
AGUASCALIENTES,2020-04-26,5
AGUASCALIENTES,2020-04-27,5
AGUASCALIENTES,2020-04-28,7
AGUASCALIENTES,2020-04-29,11
AGUASCALIENTES,2020-04-30,7
AGUASCALIENTES,2020-05-01,8
AGUASCALIENTES,2020-05-02,11
AGUASCALIENTES,2020-05-03,14
AGUASCALIENTES,2020-05-04,7
AGUASCALIENTES,2020-05-05,18
AGUASCALIENTES,2020-05-06,6
AGUASCALIENTES,2020-05-07,11
AGUASCALIENTES,2020-05-08,18
AGUASCALIENTES,2020-05-09,12
AGUASCALIENTES,2020-05-10,9
AGUASCALIENTES,2020-05-11,10
AGUASCALIENTES,2020-05-12,31
AGUASCALIENTES,2020-05-13,10
AGUASCALIENTES,2020-05-14,17
AGUASCALIENTES,2020-05-15,23
AGUASCALIENTES,2020-05-16,10
AGUASCALIENTES,2020-05-17,21
AGUASCALIENTES,2020-05-18,10
AGUASCALIENTES,2020-05-19,21
AGUASCALIENTES,2020-05-20,20
AGUASCALIENTES,2020-05-21,8
AGUASCALIENTES,2020-05-22,14
AGUASCALIENTES,2020-05-23,10
AGUASCALIENTES,2020-05-24,6
AGUASCALIENTES,2020-05-25,19
AGUASCALIENTES,2020-05-26,30
AGUASCALIENTES,2020-05-27,11
AGUASCALIENTES,2020-05-28,19
AGUASCALIENTES,2020-05-29,19
AGUASCALIENTES,2020-05-30,20
AGUASCALIENTES,2020-05-31,14
AGUASCALIENTES,2020-06-01,17
AGUASCALIENTES,2020-06-02,21
AGUASCALIENTES,2020-06-03,20
AGUASCALIENTES,2020-06-04,35
AGUASCALIENTES,2020-06-05,29
AGUASCALIENTES,2020-06-06,28
AGUASCALIENTES,2020-06-07,16
AGUASCALIENTES,2020-06-08,24
AGUASCALIENTES,2020-06-09,40
AGUASCALIENTES,2020-06-10,40
AGUASCALIENTES,2020-06-11,31
AGUASCALIENTES,2020-06-12,39
AGUASCALIENTES,2020-06-13,32
AGUASCALIENTES,2020-06-14,33
AGUASCALIENTES,2020-06-15,37
AGUASCALIENTES,2020-06-16,74
AGUASCALIENTES,2020-06-17,56
AGUASCALIENTES,2020-06-18,32
AGUASCALIENTES,2020-06-19,34
AGUASCALIENTES,2020-06-20,54
AGUASCALIENTES,2020-06-21,58
AGUASCALIENTES,2020-06-22,44
AGUASCALIENTES,2020-06-23,67
AGUASCALIENTES,2020-06-24,48
AGUASCALIENTES,2020-06-25,56
AGUASCALIENTES,2020-06-26,35
AGUASCALIENTES,2020-06-27,41
AGUASCALIENTES,2020-06-28,45
AGUASCALIENTES,2020-06-29,57
AGUASCALIENTES,2020-06-30,69
AGUASCALIENTES,2020-07-01,54
AGUASCALIENTES,2020-07-02,49
AGUASCALIENTES,2020-07-03,54
AGUASCALIENTES,2020-07-04,40
AGUASCALIENTES,2020-07-05,48
AGUASCALIENTES,2020-07-06,44
AGUASCALIENTES,2020-07-07,62
AGUASCALIENTES,2020-07-08,40
AGUASCALIENTES,2020-07-09,45
AGUASCALIENTES,2020-07-10,42
AGUASCALIENTES,2020-07-11,38
AGUASCALIENTES,2020-07-12,48
AGUASCALIENTES,2020-07-13,41
AGUASCALIENTES,2020-07-14,56
AGUASCALIENTES,2020-07-15,54
AGUASCALIENTES,2020-07-16,72
AGUASCALIENTES,2020-07-17,49
AGUASCALIENTES,2020-07-18,37
BAJA CALIFORNIA,2020-02-01,1
BAJA CALIFORNIA,2020-02-21,1
BAJA CALIFORNIA,2020-02-22,1
BAJA CALIFORNIA,2020-03-24,1
BAJA CALIFORNIA,2020-03-26,2
BAJA CALIFORNIA,2020-03-27,2
BAJA CALIFORNIA,2020-03-28,4
BAJA CALIFORNIA,2020-03-29,2
BAJA CALIFORNIA,2020-03-30,1
BAJA CALIFORNIA,2020-03-31,4
BAJA CALIFORNIA,2020-04-01,4
BAJA CALIFORNIA,2020-04-02,8
BAJA CALIFORNIA,2020-04-03,8
BAJA CALIFORNIA,2020-04-04,12
BAJA CALIFORNIA,2020-04-05,6
BAJA CALIFORNIA,2020-04-06,6
BAJA CALIFORNIA,2020-04-07,14
BAJA CALIFORNIA,2020-04-08,17
BAJA CALIFORNIA,2020-04-09,14
BAJA CALIFORNIA,2020-04-10,20
BAJA CALIFORNIA,2020-04-11,25
BAJA CALIFORNIA,2020-04-12,20
BAJA CALIFORNIA,2020-04-13,24
BAJA CALIFORNIA,2020-04-14,36
BAJA CALIFORNIA,2020-04-15,23
BAJA CALIFORNIA,2020-04-16,40
BAJA CALIFORNIA,2020-04-17,53
BAJA CALIFORNIA,2020-04-18,34
BAJA CALIFORNIA,2020-04-19,36
BAJA CALIFORNIA,2020-04-20,35
BAJA CALIFORNIA,2020-04-21,46
BAJA CALIFORNIA,2020-04-22,40
BAJA CALIFORNIA,2020-04-23,52
BAJA CALIFORNIA,2020-04-24,54
BAJA CALIFORNIA,2020-04-25,88
BAJA CALIFORNIA,2020-04-26,63
BAJA CALIFORNIA,2020-04-27,63
BAJA CALIFORNIA,2020-04-28,50
BAJA CALIFORNIA,2020-04-29,64
BAJA CALIFORNIA,2020-04-30,57
BAJA CALIFORNIA,2020-05-01,50
BAJA CALIFORNIA,2020-05-02,68
BAJA CALIFORNIA,2020-05-03,62
BAJA CALIFORNIA,2020-05-04,67
BAJA CALIFORNIA,2020-05-05,74
BAJA CALIFORNIA,2020-05-06,54
BAJA CALIFORNIA,2020-05-07,71
BAJA CALIFORNIA,2020-05-08,53
BAJA CALIFORNIA,2020-05-09,52
BAJA CALIFORNIA,2020-05-10,68
BAJA CALIFORNIA,2020-05-11,68
BAJA CALIFORNIA,2020-05-12,64
BAJA CALIFORNIA,2020-05-13,58
BAJA CALIFORNIA,2020-05-14,47
BAJA CALIFORNIA,2020-05-15,81
BAJA CALIFORNIA,2020-05-16,118
BAJA CALIFORNIA,2020-05-17,94
BAJA CALIFORNIA,2020-05-18,67
BAJA CALIFORNIA,2020-05-19,89
BAJA CALIFORNIA,2020-05-20,59
BAJA CALIFORNIA,2020-05-21,73
BAJA CALIFORNIA,2020-05-22,75
BAJA CALIFORNIA,2020-05-23,104
BAJA CALIFORNIA,2020-05-24,66
BAJA CALIFORNIA,2020-05-25,103
BAJA CALIFORNIA,2020-05-26,89
BAJA CALIFORNIA,2020-05-27,90
BAJA CALIFORNIA,2020-05-28,90
BAJA CALIFORNIA,2020-05-29,79
BAJA CALIFORNIA,2020-05-30,145
BAJA CALIFORNIA,2020-05-31,89
BAJA CALIFORNIA,2020-06-01,97
BAJA CALIFORNIA,2020-06-02,136
BAJA CALIFORNIA,2020-06-03,109
BAJA CALIFORNIA,2020-06-04,117
BAJA CALIFORNIA,2020-06-05,130
BAJA CALIFORNIA,2020-06-06,121
BAJA CALIFORNIA,2020-06-07,85
BAJA CALIFORNIA,2020-06-08,98
BAJA CALIFORNIA,2020-06-09,112
BAJA CALIFORNIA,2020-06-10,76
BAJA CALIFORNIA,2020-06-11,84
BAJA CALIFORNIA,2020-06-12,95
BAJA CALIFORNIA,2020-06-13,88
BAJA CALIFORNIA,2020-06-14,69
BAJA CALIFORNIA,2020-06-15,94
BAJA CALIFORNIA,2020-06-16,135
BAJA CALIFORNIA,2020-06-17,106
BAJA CALIFORNIA,2020-06-18,94
BAJA CALIFORNIA,2020-06-19,89
BAJA CALIFORNIA,2020-06-20,133
BAJA CALIFORNIA,2020-06-21,110
BAJA CALIFORNIA,2020-06-22,102
BAJA CALIFORNIA,2020-06-23,131
BAJA CALIFORNIA,2020-06-24,139
BAJA CALIFORNIA,2020-06-25,112
BAJA CALIFORNIA,2020-06-26,103
BAJA CALIFORNIA,2020-06-27,129
BAJA CALIFORNIA,2020-06-28,100
BAJA CALIFORNIA,2020-06-29,101
BAJA CALIFORNIA,2020-06-30,154
BAJA CALIFORNIA,2020-07-01,116
BAJA CALIFORNIA,2020-07-02,119
BAJA CALIFORNIA,2020-07-03,100
BAJA CALIFORNIA,2020-07-04,135
BAJA CALIFORNIA,2020-07-05,170
BAJA CALIFORNIA,2020-07-06,116
BAJA CALIFORNIA,2020-07-07,116
BAJA CALIFORNIA,2020-07-08,124
BAJA CALIFORNIA,2020-07-09,109
BAJA CALIFORNIA,2020-07-10,150
BAJA CALIFORNIA,2020-07-11,133
BAJA CALIFORNIA,2020-07-12,112
BAJA CALIFORNIA,2020-07-13,100
BAJA CALIFORNIA,2020-07-14,152
BAJA CALIFORNIA,2020-07-15,126
BAJA CALIFORNIA,2020-07-16,150
BAJA CALIFORNIA,2020-07-17,89
BAJA CALIFORNIA,2020-07-18,109
BAJA CALIFORNIA SUR,2020-03-28,1
BAJA CALIFORNIA SUR,2020-03-31,3
BAJA CALIFORNIA SUR,2020-04-01,1
BAJA CALIFORNIA SUR,2020-04-02,1
BAJA CALIFORNIA SUR,2020-04-04,1
BAJA CALIFORNIA SUR,2020-04-05,4
BAJA CALIFORNIA SUR,2020-04-06,4
BAJA CALIFORNIA SUR,2020-04-07,4
BAJA CALIFORNIA SUR,2020-04-08,1
BAJA CALIFORNIA SUR,2020-04-09,5
BAJA CALIFORNIA SUR,2020-04-10,6
BAJA CALIFORNIA SUR,2020-04-11,7
BAJA CALIFORNIA SUR,2020-04-12,8
BAJA CALIFORNIA SUR,2020-04-13,4
BAJA CALIFORNIA SUR,2020-04-14,14
BAJA CALIFORNIA SUR,2020-04-15,11
BAJA CALIFORNIA SUR,2020-04-16,18
BAJA CALIFORNIA SUR,2020-04-17,15
BAJA CALIFORNIA SUR,2020-04-18,20
BAJA CALIFORNIA SUR,2020-04-19,19
BAJA CALIFORNIA SUR,2020-04-20,18
BAJA CALIFORNIA SUR,2020-04-21,12
BAJA CALIFORNIA SUR,2020-04-22,5
BAJA CALIFORNIA SUR,2020-04-23,5
BAJA CALIFORNIA SUR,2020-04-24,6
BAJA CALIFORNIA SUR,2020-04-25,11
BAJA CALIFORNIA SUR,2020-04-26,11
BAJA CALIFORNIA SUR,2020-04-27,10
BAJA CALIFORNIA SUR,2020-04-28,8
BAJA CALIFORNIA SUR,2020-04-29,4
BAJA CALIFORNIA SUR,2020-04-30,6
BAJA CALIFORNIA SUR,2020-05-01,4
BAJA CALIFORNIA SUR,2020-05-02,7
BAJA CALIFORNIA SUR,2020-05-03,11
BAJA CALIFORNIA SUR,2020-05-04,5
BAJA CALIFORNIA SUR,2020-05-05,13
BAJA CALIFORNIA SUR,2020-05-06,1
BAJA CALIFORNIA SUR,2020-05-07,12
BAJA CALIFORNIA SUR,2020-05-08,5
BAJA CALIFORNIA SUR,2020-05-09,8
BAJA CALIFORNIA SUR,2020-05-10,7
BAJA CALIFORNIA SUR,2020-05-11,4
BAJA CALIFORNIA SUR,2020-05-12,2
BAJA CALIFORNIA SUR,2020-05-13,3
BAJA CALIFORNIA SUR,2020-05-14,5
BAJA CALIFORNIA SUR,2020-05-15,10
BAJA CALIFORNIA SUR,2020-05-16,15
BAJA CALIFORNIA SUR,2020-05-17,5
BAJA CALIFORNIA SUR,2020-05-18,7
BAJA CALIFORNIA SUR,2020-05-19,5
BAJA CALIFORNIA SUR,2020-05-20,15
BAJA CALIFORNIA SUR,2020-05-21,4
BAJA CALIFORNIA SUR,2020-05-22,10
BAJA CALIFORNIA SUR,2020-05-23,6
BAJA CALIFORNIA SUR,2020-05-24,5
BAJA CALIFORNIA SUR,2020-05-25,11
BAJA CALIFORNIA SUR,2020-05-26,7
BAJA CALIFORNIA SUR,2020-05-27,11
BAJA CALIFORNIA SUR,2020-05-28,14
BAJA CALIFORNIA SUR,2020-05-29,12
BAJA CALIFORNIA SUR,2020-05-30,12
BAJA CALIFORNIA SUR,2020-05-31,9
BAJA CALIFORNIA SUR,2020-06-01,14
BAJA CALIFORNIA SUR,2020-06-02,15
BAJA CALIFORNIA SUR,2020-06-03,7
BAJA CALIFORNIA SUR,2020-06-04,19
BAJA CALIFORNIA SUR,2020-06-05,6
BAJA CALIFORNIA SUR,2020-06-06,10
BAJA CALIFORNIA SUR,2020-06-07,15
BAJA CALIFORNIA SUR,2020-06-08,19
BAJA CALIFORNIA SUR,2020-06-09,14
BAJA CALIFORNIA SUR,2020-06-10,18
BAJA CALIFORNIA SUR,2020-06-11,14
BAJA CALIFORNIA SUR,2020-06-12,15
BAJA CALIFORNIA SUR,2020-06-13,19
BAJA CALIFORNIA SUR,2020-06-14,17
BAJA CALIFORNIA SUR,2020-06-15,9
BAJA CALIFORNIA SUR,2020-06-16,28
BAJA CALIFORNIA SUR,2020-06-17,37
BAJA CALIFORNIA SUR,2020-06-18,27
BAJA CALIFORNIA SUR,2020-06-19,29
BAJA CALIFORNIA SUR,2020-06-20,19
BAJA CALIFORNIA SUR,2020-06-21,32
BAJA CALIFORNIA SUR,2020-06-22,38
BAJA CALIFORNIA SUR,2020-06-23,39
BAJA CALIFORNIA SUR,2020-06-24,34
BAJA CALIFORNIA SUR,2020-06-25,39
BAJA CALIFORNIA SUR,2020-06-26,32
BAJA CALIFORNIA SUR,2020-06-27,19
BAJA CALIFORNIA SUR,2020-06-28,36
BAJA CALIFORNIA SUR,2020-06-29,27
BAJA CALIFORNIA SUR,2020-06-30,46
BAJA CALIFORNIA SUR,2020-07-01,29
BAJA CALIFORNIA SUR,2020-07-02,31
BAJA CALIFORNIA SUR,2020-07-03,46
BAJA CALIFORNIA SUR,2020-07-04,29
BAJA CALIFORNIA SUR,2020-07-05,45
BAJA CALIFORNIA SUR,2020-07-06,33
BAJA CALIFORNIA SUR,2020-07-07,37
BAJA CALIFORNIA SUR,2020-07-08,43
BAJA CALIFORNIA SUR,2020-07-09,46
BAJA CALIFORNIA SUR,2020-07-10,62
BAJA CALIFORNIA SUR,2020-07-11,47
BAJA CALIFORNIA SUR,2020-07-12,35
BAJA CALIFORNIA SUR,2020-07-13,50
BAJA CALIFORNIA SUR,2020-07-14,72
BAJA CALIFORNIA SUR,2020-07-15,92
BAJA CALIFORNIA SUR,2020-07-16,90
BAJA CALIFORNIA SUR,2020-07-17,64
BAJA CALIFORNIA SUR,2020-07-18,66
CAMPECHE,2020-03-23,1
CAMPECHE,2020-03-24,1
CAMPECHE,2020-03-27,1
CAMPECHE,2020-04-02,1
CAMPECHE,2020-04-04,1
CAMPECHE,2020-04-07,2
CAMPECHE,2020-04-09,1
CAMPECHE,2020-04-11,1
CAMPECHE,2020-04-12,1
CAMPECHE,2020-04-14,2
CAMPECHE,2020-04-15,1
CAMPECHE,2020-04-16,1
CAMPECHE,2020-04-18,3
CAMPECHE,2020-04-19,2
CAMPECHE,2020-04-20,1
CAMPECHE,2020-04-21,2
CAMPECHE,2020-04-22,1
CAMPECHE,2020-04-23,3
CAMPECHE,2020-04-24,1
CAMPECHE,2020-04-25,4
CAMPECHE,2020-04-26,4
CAMPECHE,2020-04-27,2
CAMPECHE,2020-04-28,3
CAMPECHE,2020-04-29,1
CAMPECHE,2020-04-30,4
CAMPECHE,2020-05-01,3
CAMPECHE,2020-05-02,1
CAMPECHE,2020-05-03,3
CAMPECHE,2020-05-04,4
CAMPECHE,2020-05-05,6
CAMPECHE,2020-05-06,2
CAMPECHE,2020-05-07,7
CAMPECHE,2020-05-08,6
CAMPECHE,2020-05-09,7
CAMPECHE,2020-05-10,9
CAMPECHE,2020-05-11,4
CAMPECHE,2020-05-12,6
CAMPECHE,2020-05-13,3
CAMPECHE,2020-05-14,10
CAMPECHE,2020-05-15,9
CAMPECHE,2020-05-16,16
CAMPECHE,2020-05-17,12
CAMPECHE,2020-05-18,9
CAMPECHE,2020-05-19,16
CAMPECHE,2020-05-20,15
CAMPECHE,2020-05-21,10
CAMPECHE,2020-05-22,6
CAMPECHE,2020-05-23,14
CAMPECHE,2020-05-24,14
CAMPECHE,2020-05-25,21
CAMPECHE,2020-05-26,20
CAMPECHE,2020-05-27,20
CAMPECHE,2020-05-28,9
CAMPECHE,2020-05-29,15
CAMPECHE,2020-05-30,10
CAMPECHE,2020-05-31,21
CAMPECHE,2020-06-01,22
CAMPECHE,2020-06-02,15
CAMPECHE,2020-06-03,16
CAMPECHE,2020-06-04,25
CAMPECHE,2020-06-05,26
CAMPECHE,2020-06-06,23
CAMPECHE,2020-06-07,29
CAMPECHE,2020-06-08,12
CAMPECHE,2020-06-09,35
CAMPECHE,2020-06-10,18
CAMPECHE,2020-06-11,20
CAMPECHE,2020-06-12,20
CAMPECHE,2020-06-13,23
CAMPECHE,2020-06-14,26
CAMPECHE,2020-06-15,23
CAMPECHE,2020-06-16,40
CAMPECHE,2020-06-17,22
CAMPECHE,2020-06-18,39
CAMPECHE,2020-06-19,25
CAMPECHE,2020-06-20,49
CAMPECHE,2020-06-21,49
CAMPECHE,2020-06-22,51
CAMPECHE,2020-06-23,57
CAMPECHE,2020-06-24,47
CAMPECHE,2020-06-25,81
CAMPECHE,2020-06-26,57
CAMPECHE,2020-06-27,70
CAMPECHE,2020-06-28,78
CAMPECHE,2020-06-29,53
CAMPECHE,2020-06-30,94
CAMPECHE,2020-07-01,66
CAMPECHE,2020-07-02,57
CAMPECHE,2020-07-03,83
CAMPECHE,2020-07-04,76
CAMPECHE,2020-07-05,100
CAMPECHE,2020-07-06,54
CAMPECHE,2020-07-07,63
CAMPECHE,2020-07-08,68
CAMPECHE,2020-07-09,68
CAMPECHE,2020-07-10,65
CAMPECHE,2020-07-11,84
CAMPECHE,2020-07-12,53
CAMPECHE,2020-07-13,60
CAMPECHE,2020-07-14,64
CAMPECHE,2020-07-15,66
CAMPECHE,2020-07-16,111
CAMPECHE,2020-07-17,71
CAMPECHE,2020-07-18,70
CHIAPAS,2020-03-11,1
CHIAPAS,2020-03-28,1
CHIAPAS,2020-03-29,1
CHIAPAS,2020-04-04,2
CHIAPAS,2020-04-05,1
CHIAPAS,2020-04-06,3
CHIAPAS,2020-04-07,4
CHIAPAS,2020-04-08,1
CHIAPAS,2020-04-09,4
CHIAPAS,2020-04-11,2
CHIAPAS,2020-04-12,3
CHIAPAS,2020-04-13,1
CHIAPAS,2020-04-14,2
CHIAPAS,2020-04-15,2
CHIAPAS,2020-04-16,2
CHIAPAS,2020-04-17,1
CHIAPAS,2020-04-18,3
CHIAPAS,2020-04-19,3
CHIAPAS,2020-04-20,1
CHIAPAS,2020-04-21,2
CHIAPAS,2020-04-22,4
CHIAPAS,2020-04-23,4
CHIAPAS,2020-04-24,2
CHIAPAS,2020-04-25,2
CHIAPAS,2020-04-26,4
CHIAPAS,2020-04-27,3
CHIAPAS,2020-04-28,8
CHIAPAS,2020-04-29,5
CHIAPAS,2020-04-30,6
CHIAPAS,2020-05-01,12
CHIAPAS,2020-05-02,6
CHIAPAS,2020-05-03,10
CHIAPAS,2020-05-04,6
CHIAPAS,2020-05-05,19
CHIAPAS,2020-05-06,6
CHIAPAS,2020-05-07,13
CHIAPAS,2020-05-08,14
CHIAPAS,2020-05-09,11
CHIAPAS,2020-05-10,15
CHIAPAS,2020-05-11,13
CHIAPAS,2020-05-12,13
CHIAPAS,2020-05-13,20
CHIAPAS,2020-05-14,22
CHIAPAS,2020-05-15,20
CHIAPAS,2020-05-16,23
CHIAPAS,2020-05-17,24
CHIAPAS,2020-05-18,21
CHIAPAS,2020-05-19,25
CHIAPAS,2020-05-20,34
CHIAPAS,2020-05-21,24
CHIAPAS,2020-05-22,22
CHIAPAS,2020-05-23,42
CHIAPAS,2020-05-24,52
CHIAPAS,2020-05-25,48
CHIAPAS,2020-05-26,50
CHIAPAS,2020-05-27,51
CHIAPAS,2020-05-28,52
CHIAPAS,2020-05-29,52
CHIAPAS,2020-05-30,66
CHIAPAS,2020-05-31,76
CHIAPAS,2020-06-01,49
CHIAPAS,2020-06-02,102
CHIAPAS,2020-06-03,64
CHIAPAS,2020-06-04,87
CHIAPAS,2020-06-05,86
CHIAPAS,2020-06-06,81
CHIAPAS,2020-06-07,120
CHIAPAS,2020-06-08,91
CHIAPAS,2020-06-09,119
CHIAPAS,2020-06-10,104
CHIAPAS,2020-06-11,73
CHIAPAS,2020-06-12,113
CHIAPAS,2020-06-13,107
CHIAPAS,2020-06-14,88
CHIAPAS,2020-06-15,85
CHIAPAS,2020-06-16,97
CHIAPAS,2020-06-17,69
CHIAPAS,2020-06-18,71
CHIAPAS,2020-06-19,84
CHIAPAS,2020-06-20,114
CHIAPAS,2020-06-21,99
CHIAPAS,2020-06-22,87
CHIAPAS,2020-06-23,77
CHIAPAS,2020-06-24,56
CHIAPAS,2020-06-25,96
CHIAPAS,2020-06-26,62
CHIAPAS,2020-06-27,79
CHIAPAS,2020-06-28,79
CHIAPAS,2020-06-29,62
CHIAPAS,2020-06-30,88
CHIAPAS,2020-07-01,48
CHIAPAS,2020-07-02,46
CHIAPAS,2020-07-03,46
CHIAPAS,2020-07-04,69
CHIAPAS,2020-07-05,73
CHIAPAS,2020-07-06,55
CHIAPAS,2020-07-07,60
CHIAPAS,2020-07-08,56
CHIAPAS,2020-07-09,45
CHIAPAS,2020-07-10,39
CHIAPAS,2020-07-11,57
CHIAPAS,2020-07-12,38
CHIAPAS,2020-07-13,45
CHIAPAS,2020-07-14,39
CHIAPAS,2020-07-15,42
CHIAPAS,2020-07-16,29
CHIAPAS,2020-07-17,38
CHIAPAS,2020-07-18,30
CHIHUAHUA,2020-03-27,2
CHIHUAHUA,2020-03-28,1
CHIHUAHUA,2020-03-30,1
CHIHUAHUA,2020-03-31,1
CHIHUAHUA,2020-04-01,1
CHIHUAHUA,2020-04-02,1
CHIHUAHUA,2020-04-03,1
CHIHUAHUA,2020-04-04,3
CHIHUAHUA,2020-04-05,1
CHIHUAHUA,2020-04-07,1
CHIHUAHUA,2020-04-08,2
CHIHUAHUA,2020-04-09,2
CHIHUAHUA,2020-04-10,3
CHIHUAHUA,2020-04-11,2
CHIHUAHUA,2020-04-12,6
CHIHUAHUA,2020-04-13,4
CHIHUAHUA,2020-04-14,1
CHIHUAHUA,2020-04-15,3
CHIHUAHUA,2020-04-16,5
CHIHUAHUA,2020-04-17,8
CHIHUAHUA,2020-04-18,7
CHIHUAHUA,2020-04-19,7
CHIHUAHUA,2020-04-20,2
CHIHUAHUA,2020-04-21,7
CHIHUAHUA,2020-04-22,10
CHIHUAHUA,2020-04-23,10
CHIHUAHUA,2020-04-24,12
CHIHUAHUA,2020-04-25,14
CHIHUAHUA,2020-04-26,15
CHIHUAHUA,2020-04-27,15
CHIHUAHUA,2020-04-28,14
CHIHUAHUA,2020-04-29,12
CHIHUAHUA,2020-04-30,24
CHIHUAHUA,2020-05-01,29
CHIHUAHUA,2020-05-02,34
CHIHUAHUA,2020-05-03,29
CHIHUAHUA,2020-05-04,29
CHIHUAHUA,2020-05-05,43
CHIHUAHUA,2020-05-06,26
CHIHUAHUA,2020-05-07,39
CHIHUAHUA,2020-05-08,32
CHIHUAHUA,2020-05-09,45
CHIHUAHUA,2020-05-10,46
CHIHUAHUA,2020-05-11,28
CHIHUAHUA,2020-05-12,35
CHIHUAHUA,2020-05-13,37
CHIHUAHUA,2020-05-14,35
CHIHUAHUA,2020-05-15,43
CHIHUAHUA,2020-05-16,53
CHIHUAHUA,2020-05-17,47
CHIHUAHUA,2020-05-18,37
CHIHUAHUA,2020-05-19,43
CHIHUAHUA,2020-05-20,41
CHIHUAHUA,2020-05-21,43
CHIHUAHUA,2020-05-22,39
CHIHUAHUA,2020-05-23,44
CHIHUAHUA,2020-05-24,42
CHIHUAHUA,2020-05-25,59
CHIHUAHUA,2020-05-26,48
CHIHUAHUA,2020-05-27,33
CHIHUAHUA,2020-05-28,43
CHIHUAHUA,2020-05-29,43
CHIHUAHUA,2020-05-30,53
CHIHUAHUA,2020-05-31,38
CHIHUAHUA,2020-06-01,41
CHIHUAHUA,2020-06-02,54
CHIHUAHUA,2020-06-03,40
CHIHUAHUA,2020-06-04,57
CHIHUAHUA,2020-06-05,43
CHIHUAHUA,2020-06-06,42
CHIHUAHUA,2020-06-07,35
CHIHUAHUA,2020-06-08,38
CHIHUAHUA,2020-06-09,42
CHIHUAHUA,2020-06-10,34
CHIHUAHUA,2020-06-11,41
CHIHUAHUA,2020-06-12,40
CHIHUAHUA,2020-06-13,44
CHIHUAHUA,2020-06-14,29
CHIHUAHUA,2020-06-15,29
CHIHUAHUA,2020-06-16,42
CHIHUAHUA,2020-06-17,35
CHIHUAHUA,2020-06-18,28
CHIHUAHUA,2020-06-19,22
CHIHUAHUA,2020-06-20,43
CHIHUAHUA,2020-06-21,43
CHIHUAHUA,2020-06-22,30
CHIHUAHUA,2020-06-23,40
CHIHUAHUA,2020-06-24,31
CHIHUAHUA,2020-06-25,40
CHIHUAHUA,2020-06-26,26
CHIHUAHUA,2020-06-27,22
CHIHUAHUA,2020-06-28,33
CHIHUAHUA,2020-06-29,32
CHIHUAHUA,2020-06-30,52
CHIHUAHUA,2020-07-01,40
CHIHUAHUA,2020-07-02,27
CHIHUAHUA,2020-07-03,30
CHIHUAHUA,2020-07-04,43
CHIHUAHUA,2020-07-05,52
CHIHUAHUA,2020-07-06,25
CHIHUAHUA,2020-07-07,38
CHIHUAHUA,2020-07-08,25
CHIHUAHUA,2020-07-09,26
CHIHUAHUA,2020-07-10,42
CHIHUAHUA,2020-07-11,40
CHIHUAHUA,2020-07-12,30
CHIHUAHUA,2020-07-13,50
CHIHUAHUA,2020-07-14,49
CHIHUAHUA,2020-07-15,52
CHIHUAHUA,2020-07-16,58
CHIHUAHUA,2020-07-17,40
CHIHUAHUA,2020-07-18,39
CIUDAD DE MEXICO,2020-03-08,1
CIUDAD DE MEXICO,2020-03-09,1
CIUDAD DE MEXICO,2020-03-14,2
CIUDAD DE MEXICO,2020-03-15,1
CIUDAD DE MEXICO,2020-03-16,2
CIUDAD DE MEXICO,2020-03-17,4
CIUDAD DE MEXICO,2020-03-18,1
CIUDAD DE MEXICO,2020-03-19,3
CIUDAD DE MEXICO,2020-03-20,2
CIUDAD DE MEXICO,2020-03-21,5
CIUDAD DE MEXICO,2020-03-22,9
CIUDAD DE MEXICO,2020-03-23,5
CIUDAD DE MEXICO,2020-03-24,18
CIUDAD DE MEXICO,2020-03-25,22
CIUDAD DE MEXICO,2020-03-26,19
CIUDAD DE MEXICO,2020-03-27,15
CIUDAD DE MEXICO,2020-03-28,32
CIUDAD DE MEXICO,2020-03-29,32
CIUDAD DE MEXICO,2020-03-30,32
CIUDAD DE MEXICO,2020-03-31,36
CIUDAD DE MEXICO,2020-04-01,20
CIUDAD DE MEXICO,2020-04-02,21
CIUDAD DE MEXICO,2020-04-03,27
CIUDAD DE MEXICO,2020-04-04,39
CIUDAD DE MEXICO,2020-04-05,15
CIUDAD DE MEXICO,2020-04-06,23
CIUDAD DE MEXICO,2020-04-07,35
CIUDAD DE MEXICO,2020-04-08,38
CIUDAD DE MEXICO,2020-04-09,34
CIUDAD DE MEXICO,2020-04-10,65
CIUDAD DE MEXICO,2020-04-11,47
CIUDAD DE MEXICO,2020-04-12,48
CIUDAD DE MEXICO,2020-04-13,40
CIUDAD DE MEXICO,2020-04-14,77
CIUDAD DE MEXICO,2020-04-15,57
CIUDAD DE MEXICO,2020-04-16,99
CIUDAD DE MEXICO,2020-04-17,85
CIUDAD DE MEXICO,2020-04-18,88
CIUDAD DE MEXICO,2020-04-19,99
CIUDAD DE MEXICO,2020-04-20,106
CIUDAD DE MEXICO,2020-04-21,118
CIUDAD DE MEXICO,2020-04-22,108
CIUDAD DE MEXICO,2020-04-23,121
CIUDAD DE MEXICO,2020-04-24,149
CIUDAD DE MEXICO,2020-04-25,230
CIUDAD DE MEXICO,2020-04-26,168
CIUDAD DE MEXICO,2020-04-27,163
CIUDAD DE MEXICO,2020-04-28,233
CIUDAD DE MEXICO,2020-04-29,231
CIUDAD DE MEXICO,2020-04-30,292
CIUDAD DE MEXICO,2020-05-01,245
CIUDAD DE MEXICO,2020-05-02,292
CIUDAD DE MEXICO,2020-05-03,316
CIUDAD DE MEXICO,2020-05-04,284
CIUDAD DE MEXICO,2020-05-05,497
CIUDAD DE MEXICO,2020-05-06,292
CIUDAD DE MEXICO,2020-05-07,303
CIUDAD DE MEXICO,2020-05-08,335
CIUDAD DE MEXICO,2020-05-09,375
CIUDAD DE MEXICO,2020-05-10,385
CIUDAD DE MEXICO,2020-05-11,338
CIUDAD DE MEXICO,2020-05-12,457
CIUDAD DE MEXICO,2020-05-13,406
CIUDAD DE MEXICO,2020-05-14,330
CIUDAD DE MEXICO,2020-05-15,458
CIUDAD DE MEXICO,2020-05-16,721
CIUDAD DE MEXICO,2020-05-17,461
CIUDAD DE MEXICO,2020-05-18,473
CIUDAD DE MEXICO,2020-05-19,642
CIUDAD DE MEXICO,2020-05-20,569
CIUDAD DE MEXICO,2020-05-21,515
CIUDAD DE MEXICO,2020-05-22,568
CIUDAD DE MEXICO,2020-05-23,658
CIUDAD DE MEXICO,2020-05-24,564
CIUDAD DE MEXICO,2020-05-25,780
CIUDAD DE MEXICO,2020-05-26,699
CIUDAD DE MEXICO,2020-05-27,651
CIUDAD DE MEXICO,2020-05-28,572
CIUDAD DE MEXICO,2020-05-29,544
CIUDAD DE MEXICO,2020-05-30,864
CIUDAD DE MEXICO,2020-05-31,622
CIUDAD DE MEXICO,2020-06-01,593
CIUDAD DE MEXICO,2020-06-02,917
CIUDAD DE MEXICO,2020-06-03,587
CIUDAD DE MEXICO,2020-06-04,1041
CIUDAD DE MEXICO,2020-06-05,559
CIUDAD DE MEXICO,2020-06-06,698
CIUDAD DE MEXICO,2020-06-07,597
CIUDAD DE MEXICO,2020-06-08,563
CIUDAD DE MEXICO,2020-06-09,967
CIUDAD DE MEXICO,2020-06-10,647
CIUDAD DE MEXICO,2020-06-11,631
CIUDAD DE MEXICO,2020-06-12,719
CIUDAD DE MEXICO,2020-06-13,671
CIUDAD DE MEXICO,2020-06-14,621
CIUDAD DE MEXICO,2020-06-15,585
CIUDAD DE MEXICO,2020-06-16,1143
CIUDAD DE MEXICO,2020-06-17,691
CIUDAD DE MEXICO,2020-06-18,639
CIUDAD DE MEXICO,2020-06-19,686
CIUDAD DE MEXICO,2020-06-20,819
CIUDAD DE MEXICO,2020-06-21,679
CIUDAD DE MEXICO,2020-06-22,526
CIUDAD DE MEXICO,2020-06-23,737
CIUDAD DE MEXICO,2020-06-24,557
CIUDAD DE MEXICO,2020-06-25,934
CIUDAD DE MEXICO,2020-06-26,597
CIUDAD DE MEXICO,2020-06-27,672
CIUDAD DE MEXICO,2020-06-28,539
CIUDAD DE MEXICO,2020-06-29,448
CIUDAD DE MEXICO,2020-06-30,818
CIUDAD DE MEXICO,2020-07-01,587
CIUDAD DE MEXICO,2020-07-02,504
CIUDAD DE MEXICO,2020-07-03,669
CIUDAD DE MEXICO,2020-07-04,655
CIUDAD DE MEXICO,2020-07-05,911
CIUDAD DE MEXICO,2020-07-06,444
CIUDAD DE MEXICO,2020-07-07,630
CIUDAD DE MEXICO,2020-07-08,588
CIUDAD DE MEXICO,2020-07-09,554
CIUDAD DE MEXICO,2020-07-10,715
CIUDAD DE MEXICO,2020-07-11,735
CIUDAD DE MEXICO,2020-07-12,470
CIUDAD DE MEXICO,2020-07-13,622
CIUDAD DE MEXICO,2020-07-14,706
CIUDAD DE MEXICO,2020-07-15,721
CIUDAD DE MEXICO,2020-07-16,964
CIUDAD DE MEXICO,2020-07-17,644
CIUDAD DE MEXICO,2020-07-18,648
COAHUILA DE ZARAGOZA,2020-03-13,1
COAHUILA DE ZARAGOZA,2020-03-19,1
COAHUILA DE ZARAGOZA,2020-03-25,1
COAHUILA DE ZARAGOZA,2020-03-28,1
COAHUILA DE ZARAGOZA,2020-03-31,1
COAHUILA DE ZARAGOZA,2020-04-01,2
COAHUILA DE ZARAGOZA,2020-04-02,4
COAHUILA DE ZARAGOZA,2020-04-03,2
COAHUILA DE ZARAGOZA,2020-04-04,5
COAHUILA DE ZARAGOZA,2020-04-05,5
COAHUILA DE ZARAGOZA,2020-04-06,3
COAHUILA DE ZARAGOZA,2020-04-07,7
COAHUILA DE ZARAGOZA,2020-04-08,6
COAHUILA DE ZARAGOZA,2020-04-09,6
COAHUILA DE ZARAGOZA,2020-04-10,12
COAHUILA DE ZARAGOZA,2020-04-11,18
COAHUILA DE ZARAGOZA,2020-04-12,12
COAHUILA DE ZARAGOZA,2020-04-13,13
COAHUILA DE ZARAGOZA,2020-04-14,18
COAHUILA DE ZARAGOZA,2020-04-15,9
COAHUILA DE ZARAGOZA,2020-04-16,13
COAHUILA DE ZARAGOZA,2020-04-17,10
COAHUILA DE ZARAGOZA,2020-04-18,12
COAHUILA DE ZARAGOZA,2020-04-19,13
COAHUILA DE ZARAGOZA,2020-04-20,5
COAHUILA DE ZARAGOZA,2020-04-21,10
COAHUILA DE ZARAGOZA,2020-04-22,11
COAHUILA DE ZARAGOZA,2020-04-23,9
COAHUILA DE ZARAGOZA,2020-04-24,8
COAHUILA DE ZARAGOZA,2020-04-25,12
COAHUILA DE ZARAGOZA,2020-04-26,7
COAHUILA DE ZARAGOZA,2020-04-27,7
COAHUILA DE ZARAGOZA,2020-04-28,14
COAHUILA DE ZARAGOZA,2020-04-29,9
COAHUILA DE ZARAGOZA,2020-04-30,15
COAHUILA DE ZARAGOZA,2020-05-01,12
COAHUILA DE ZARAGOZA,2020-05-02,8
COAHUILA DE ZARAGOZA,2020-05-03,10
COAHUILA DE ZARAGOZA,2020-05-04,3
COAHUILA DE ZARAGOZA,2020-05-05,14
COAHUILA DE ZARAGOZA,2020-05-06,12
COAHUILA DE ZARAGOZA,2020-05-07,10
COAHUILA DE ZARAGOZA,2020-05-08,11
COAHUILA DE ZARAGOZA,2020-05-09,8
COAHUILA DE ZARAGOZA,2020-05-10,12
COAHUILA DE ZARAGOZA,2020-05-11,12
COAHUILA DE ZARAGOZA,2020-05-12,8
COAHUILA DE ZARAGOZA,2020-05-13,12
COAHUILA DE ZARAGOZA,2020-05-14,11
COAHUILA DE ZARAGOZA,2020-05-15,21
COAHUILA DE ZARAGOZA,2020-05-16,24
COAHUILA DE ZARAGOZA,2020-05-17,15
COAHUILA DE ZARAGOZA,2020-05-18,8
COAHUILA DE ZARAGOZA,2020-05-19,14
COAHUILA DE ZARAGOZA,2020-05-20,26
COAHUILA DE ZARAGOZA,2020-05-21,21
COAHUILA DE ZARAGOZA,2020-05-22,18
COAHUILA DE ZARAGOZA,2020-05-23,25
COAHUILA DE ZARAGOZA,2020-05-24,27
COAHUILA DE ZARAGOZA,2020-05-25,19
COAHUILA DE ZARAGOZA,2020-05-26,27
COAHUILA DE ZARAGOZA,2020-05-27,24
COAHUILA DE ZARAGOZA,2020-05-28,22
COAHUILA DE ZARAGOZA,2020-05-29,23
COAHUILA DE ZARAGOZA,2020-05-30,40
COAHUILA DE ZARAGOZA,2020-05-31,49
COAHUILA DE ZARAGOZA,2020-06-01,44
COAHUILA DE ZARAGOZA,2020-06-02,54
COAHUILA DE ZARAGOZA,2020-06-03,37
COAHUILA DE ZARAGOZA,2020-06-04,41
COAHUILA DE ZARAGOZA,2020-06-05,51
COAHUILA DE ZARAGOZA,2020-06-06,47
COAHUILA DE ZARAGOZA,2020-06-07,59
COAHUILA DE ZARAGOZA,2020-06-08,30
COAHUILA DE ZARAGOZA,2020-06-09,54
COAHUILA DE ZARAGOZA,2020-06-10,57
COAHUILA DE ZARAGOZA,2020-06-11,37
COAHUILA DE ZARAGOZA,2020-06-12,76
COAHUILA DE ZARAGOZA,2020-06-13,90
COAHUILA DE ZARAGOZA,2020-06-14,44
COAHUILA DE ZARAGOZA,2020-06-15,44
COAHUILA DE ZARAGOZA,2020-06-16,102
COAHUILA DE ZARAGOZA,2020-06-17,57
COAHUILA DE ZARAGOZA,2020-06-18,76
COAHUILA DE ZARAGOZA,2020-06-19,81
COAHUILA DE ZARAGOZA,2020-06-20,86
COAHUILA DE ZARAGOZA,2020-06-21,110
COAHUILA DE ZARAGOZA,2020-06-22,80
COAHUILA DE ZARAGOZA,2020-06-23,121
COAHUILA DE ZARAGOZA,2020-06-24,131
COAHUILA DE ZARAGOZA,2020-06-25,112
COAHUILA DE ZARAGOZA,2020-06-26,95
COAHUILA DE ZARAGOZA,2020-06-27,110
COAHUILA DE ZARAGOZA,2020-06-28,127
COAHUILA DE ZARAGOZA,2020-06-29,152
COAHUILA DE ZARAGOZA,2020-06-30,184
COAHUILA DE ZARAGOZA,2020-07-01,166
COAHUILA DE ZARAGOZA,2020-07-02,168
COAHUILA DE ZARAGOZA,2020-07-03,193
COAHUILA DE ZARAGOZA,2020-07-04,172
COAHUILA DE ZARAGOZA,2020-07-05,182
COAHUILA DE ZARAGOZA,2020-07-06,213
COAHUILA DE ZARAGOZA,2020-07-07,257
COAHUILA DE ZARAGOZA,2020-07-08,189
COAHUILA DE ZARAGOZA,2020-07-09,215
COAHUILA DE ZARAGOZA,2020-07-10,175
COAHUILA DE ZARAGOZA,2020-07-11,280
COAHUILA DE ZARAGOZA,2020-07-12,178
COAHUILA DE ZARAGOZA,2020-07-13,187
COAHUILA DE ZARAGOZA,2020-07-14,255
COAHUILA DE ZARAGOZA,2020-07-15,254
COAHUILA DE ZARAGOZA,2020-07-16,217
COAHUILA DE ZARAGOZA,2020-07-17,221
COAHUILA DE ZARAGOZA,2020-07-18,204
COLIMA,2020-03-27,1
COLIMA,2020-03-30,1
COLIMA,2020-04-08,1
COLIMA,2020-04-09,1
COLIMA,2020-04-12,2
COLIMA,2020-04-13,1
COLIMA,2020-04-22,1
COLIMA,2020-04-26,1
COLIMA,2020-04-27,2
COLIMA,2020-04-30,2
COLIMA,2020-05-02,4
COLIMA,2020-05-03,1
COLIMA,2020-05-05,1
COLIMA,2020-05-06,1
COLIMA,2020-05-08,2
COLIMA,2020-05-09,1
COLIMA,2020-05-12,1
COLIMA,2020-05-14,2
COLIMA,2020-05-15,3
COLIMA,2020-05-16,3
COLIMA,2020-05-17,2
COLIMA,2020-05-18,1
COLIMA,2020-05-19,2
COLIMA,2020-05-21,3
COLIMA,2020-05-22,3
COLIMA,2020-05-23,5
COLIMA,2020-05-24,2
COLIMA,2020-05-25,3
COLIMA,2020-05-26,4
COLIMA,2020-05-27,6
COLIMA,2020-05-28,5
COLIMA,2020-05-29,3
COLIMA,2020-05-30,3
COLIMA,2020-05-31,6
COLIMA,2020-06-01,5
COLIMA,2020-06-02,7
COLIMA,2020-06-03,3
COLIMA,2020-06-04,8
COLIMA,2020-06-05,4
COLIMA,2020-06-06,8
COLIMA,2020-06-07,6
COLIMA,2020-06-08,5
COLIMA,2020-06-09,7
COLIMA,2020-06-10,2
COLIMA,2020-06-11,2
COLIMA,2020-06-12,12
COLIMA,2020-06-13,4
COLIMA,2020-06-14,8
COLIMA,2020-06-15,11
COLIMA,2020-06-16,18
COLIMA,2020-06-17,8
COLIMA,2020-06-18,5
COLIMA,2020-06-19,7
COLIMA,2020-06-20,9
COLIMA,2020-06-21,10
COLIMA,2020-06-22,16
COLIMA,2020-06-23,15
COLIMA,2020-06-24,12
COLIMA,2020-06-25,8
COLIMA,2020-06-26,11
COLIMA,2020-06-27,14
COLIMA,2020-06-28,12
COLIMA,2020-06-29,12
COLIMA,2020-06-30,20
COLIMA,2020-07-01,20
COLIMA,2020-07-02,7
COLIMA,2020-07-03,16
COLIMA,2020-07-04,25
COLIMA,2020-07-05,22
COLIMA,2020-07-06,18
COLIMA,2020-07-07,17
COLIMA,2020-07-08,12
COLIMA,2020-07-09,16
COLIMA,2020-07-10,12
COLIMA,2020-07-11,28
COLIMA,2020-07-12,28
COLIMA,2020-07-13,16
COLIMA,2020-07-14,22
COLIMA,2020-07-15,23
COLIMA,2020-07-16,26
COLIMA,2020-07-17,19
COLIMA,2020-07-18,27
DURANGO,2020-03-21,1
DURANGO,2020-03-24,1
DURANGO,2020-03-26,1
DURANGO,2020-04-02,2
DURANGO,2020-04-07,2
DURANGO,2020-04-12,1
DURANGO,2020-04-13,1
DURANGO,2020-04-14,2
DURANGO,2020-04-17,1
DURANGO,2020-04-21,1
DURANGO,2020-04-23,1
DURANGO,2020-04-25,4
DURANGO,2020-04-26,4
DURANGO,2020-04-27,1
DURANGO,2020-04-28,2
DURANGO,2020-04-29,5
DURANGO,2020-05-01,1
DURANGO,2020-05-03,2
DURANGO,2020-05-04,2
DURANGO,2020-05-05,5
DURANGO,2020-05-06,3
DURANGO,2020-05-07,6
DURANGO,2020-05-08,3
DURANGO,2020-05-09,5
DURANGO,2020-05-10,4
DURANGO,2020-05-11,10
DURANGO,2020-05-12,2
DURANGO,2020-05-13,4
DURANGO,2020-05-15,2
DURANGO,2020-05-16,9
DURANGO,2020-05-17,5
DURANGO,2020-05-18,2
DURANGO,2020-05-19,7
DURANGO,2020-05-20,6
DURANGO,2020-05-21,7
DURANGO,2020-05-22,11
DURANGO,2020-05-23,5
DURANGO,2020-05-24,5
DURANGO,2020-05-25,4
DURANGO,2020-05-26,6
DURANGO,2020-05-27,7
DURANGO,2020-05-28,8
DURANGO,2020-05-29,14
DURANGO,2020-05-30,14
DURANGO,2020-05-31,10
DURANGO,2020-06-01,5
DURANGO,2020-06-02,19
DURANGO,2020-06-03,21
DURANGO,2020-06-04,15
DURANGO,2020-06-05,13
DURANGO,2020-06-06,15
DURANGO,2020-06-07,22
DURANGO,2020-06-08,20
DURANGO,2020-06-09,23
DURANGO,2020-06-10,21
DURANGO,2020-06-11,30
DURANGO,2020-06-12,38
DURANGO,2020-06-13,29
DURANGO,2020-06-14,35
DURANGO,2020-06-15,30
DURANGO,2020-06-16,69
DURANGO,2020-06-17,34
DURANGO,2020-06-18,41
DURANGO,2020-06-19,50
DURANGO,2020-06-20,62
DURANGO,2020-06-21,51
DURANGO,2020-06-22,49
DURANGO,2020-06-23,48
DURANGO,2020-06-24,39
DURANGO,2020-06-25,57
DURANGO,2020-06-26,57
DURANGO,2020-06-27,39
DURANGO,2020-06-28,38
DURANGO,2020-06-29,61
DURANGO,2020-06-30,49
DURANGO,2020-07-01,37
DURANGO,2020-07-02,62
DURANGO,2020-07-03,54
DURANGO,2020-07-04,56
DURANGO,2020-07-05,53
DURANGO,2020-07-06,41
DURANGO,2020-07-07,86
DURANGO,2020-07-08,91
DURANGO,2020-07-09,68
DURANGO,2020-07-10,55
DURANGO,2020-07-11,74
DURANGO,2020-07-12,75
DURANGO,2020-07-13,72
DURANGO,2020-07-14,62
DURANGO,2020-07-15,59
DURANGO,2020-07-16,72
DURANGO,2020-07-17,40
DURANGO,2020-07-18,44
GUANAJUATO,2020-03-25,1
GUANAJUATO,2020-03-27,2
GUANAJUATO,2020-03-29,3
GUANAJUATO,2020-03-30,3
GUANAJUATO,2020-03-31,10
GUANAJUATO,2020-04-01,4
GUANAJUATO,2020-04-02,2
GUANAJUATO,2020-04-03,1
GUANAJUATO,2020-04-04,7
GUANAJUATO,2020-04-05,4
GUANAJUATO,2020-04-06,4
GUANAJUATO,2020-04-07,2
GUANAJUATO,2020-04-08,3
GUANAJUATO,2020-04-09,2
GUANAJUATO,2020-04-10,4
GUANAJUATO,2020-04-11,5
GUANAJUATO,2020-04-12,1
GUANAJUATO,2020-04-14,1
GUANAJUATO,2020-04-15,1
GUANAJUATO,2020-04-16,5
GUANAJUATO,2020-04-17,5
GUANAJUATO,2020-04-18,6
GUANAJUATO,2020-04-19,2
GUANAJUATO,2020-04-20,4
GUANAJUATO,2020-04-21,2
GUANAJUATO,2020-04-22,1
GUANAJUATO,2020-04-23,5
GUANAJUATO,2020-04-24,4
GUANAJUATO,2020-04-25,4
GUANAJUATO,2020-04-26,4
GUANAJUATO,2020-04-27,7
GUANAJUATO,2020-04-28,8
GUANAJUATO,2020-04-29,17
GUANAJUATO,2020-04-30,16
GUANAJUATO,2020-05-01,10
GUANAJUATO,2020-05-02,5
GUANAJUATO,2020-05-03,12
GUANAJUATO,2020-05-04,12
GUANAJUATO,2020-05-05,13
GUANAJUATO,2020-05-06,11
GUANAJUATO,2020-05-07,11
GUANAJUATO,2020-05-08,8
GUANAJUATO,2020-05-09,14
GUANAJUATO,2020-05-10,10
GUANAJUATO,2020-05-11,19
GUANAJUATO,2020-05-12,14
GUANAJUATO,2020-05-13,8
GUANAJUATO,2020-05-14,6
GUANAJUATO,2020-05-15,18
GUANAJUATO,2020-05-16,23
GUANAJUATO,2020-05-17,33
GUANAJUATO,2020-05-18,23
GUANAJUATO,2020-05-19,27
GUANAJUATO,2020-05-20,28
GUANAJUATO,2020-05-21,27
GUANAJUATO,2020-05-22,37
GUANAJUATO,2020-05-23,36
GUANAJUATO,2020-05-24,37
GUANAJUATO,2020-05-25,28
GUANAJUATO,2020-05-26,48
GUANAJUATO,2020-05-27,44
GUANAJUATO,2020-05-28,24
GUANAJUATO,2020-05-29,32
GUANAJUATO,2020-05-30,64
GUANAJUATO,2020-05-31,48
GUANAJUATO,2020-06-01,52
GUANAJUATO,2020-06-02,64
GUANAJUATO,2020-06-03,48
GUANAJUATO,2020-06-04,59
GUANAJUATO,2020-06-05,27
GUANAJUATO,2020-06-06,82
GUANAJUATO,2020-06-07,97
GUANAJUATO,2020-06-08,102
GUANAJUATO,2020-06-09,146
GUANAJUATO,2020-06-10,98
GUANAJUATO,2020-06-11,125
GUANAJUATO,2020-06-12,112
GUANAJUATO,2020-06-13,154
GUANAJUATO,2020-06-14,151
GUANAJUATO,2020-06-15,150
GUANAJUATO,2020-06-16,190
GUANAJUATO,2020-06-17,148
GUANAJUATO,2020-06-18,143
GUANAJUATO,2020-06-19,137
GUANAJUATO,2020-06-20,175
GUANAJUATO,2020-06-21,194
GUANAJUATO,2020-06-22,130
GUANAJUATO,2020-06-23,189
GUANAJUATO,2020-06-24,171
GUANAJUATO,2020-06-25,215
GUANAJUATO,2020-06-26,154
GUANAJUATO,2020-06-27,250
GUANAJUATO,2020-06-28,244
GUANAJUATO,2020-06-29,333
GUANAJUATO,2020-06-30,345
GUANAJUATO,2020-07-01,255
GUANAJUATO,2020-07-02,203
GUANAJUATO,2020-07-03,233
GUANAJUATO,2020-07-04,319
GUANAJUATO,2020-07-05,427
GUANAJUATO,2020-07-06,271
GUANAJUATO,2020-07-07,296
GUANAJUATO,2020-07-08,282
GUANAJUATO,2020-07-09,291
GUANAJUATO,2020-07-10,276
GUANAJUATO,2020-07-11,253
GUANAJUATO,2020-07-12,281
GUANAJUATO,2020-07-13,366
GUANAJUATO,2020-07-14,368
GUANAJUATO,2020-07-15,327
GUANAJUATO,2020-07-16,446
GUANAJUATO,2020-07-17,263
GUANAJUATO,2020-07-18,310
GUERRERO,2020-03-23,1
GUERRERO,2020-03-24,1
GUERRERO,2020-03-26,1
GUERRERO,2020-03-27,1
GUERRERO,2020-03-28,1
GUERRERO,2020-03-30,3
GUERRERO,2020-03-31,1
GUERRERO,2020-04-01,3
GUERRERO,2020-04-02,2
GUERRERO,2020-04-03,1
GUERRERO,2020-04-04,3
GUERRERO,2020-04-05,2
GUERRERO,2020-04-06,1
GUERRERO,2020-04-07,3
GUERRERO,2020-04-10,3
GUERRERO,2020-04-12,1
GUERRERO,2020-04-13,1
GUERRERO,2020-04-14,3
GUERRERO,2020-04-15,3
GUERRERO,2020-04-16,4
GUERRERO,2020-04-17,3
GUERRERO,2020-04-18,5
GUERRERO,2020-04-19,8
GUERRERO,2020-04-20,6
GUERRERO,2020-04-21,6
GUERRERO,2020-04-22,3
GUERRERO,2020-04-23,10
GUERRERO,2020-04-24,5
GUERRERO,2020-04-25,11
GUERRERO,2020-04-26,5
GUERRERO,2020-04-27,6
GUERRERO,2020-04-28,11
GUERRERO,2020-04-29,2
GUERRERO,2020-04-30,9
GUERRERO,2020-05-01,6
GUERRERO,2020-05-02,8
GUERRERO,2020-05-03,7
GUERRERO,2020-05-04,16
GUERRERO,2020-05-05,16
GUERRERO,2020-05-06,16
GUERRERO,2020-05-07,14
GUERRERO,2020-05-08,17
GUERRERO,2020-05-09,31
GUERRERO,2020-05-10,27
GUERRERO,2020-05-11,12
GUERRERO,2020-05-12,18
GUERRERO,2020-05-13,24
GUERRERO,2020-05-14,31
GUERRERO,2020-05-15,31
GUERRERO,2020-05-16,41
GUERRERO,2020-05-17,25
GUERRERO,2020-05-18,36
GUERRERO,2020-05-19,32
GUERRERO,2020-05-20,28
GUERRERO,2020-05-21,25
GUERRERO,2020-05-22,32
GUERRERO,2020-05-23,34
GUERRERO,2020-05-24,47
GUERRERO,2020-05-25,50
GUERRERO,2020-05-26,45
GUERRERO,2020-05-27,54
GUERRERO,2020-05-28,58
GUERRERO,2020-05-29,73
GUERRERO,2020-05-30,113
GUERRERO,2020-05-31,93
GUERRERO,2020-06-01,79
GUERRERO,2020-06-02,121
GUERRERO,2020-06-03,85
GUERRERO,2020-06-04,93
GUERRERO,2020-06-05,85
GUERRERO,2020-06-06,73
GUERRERO,2020-06-07,102
GUERRERO,2020-06-08,71
GUERRERO,2020-06-09,81
GUERRERO,2020-06-10,96
GUERRERO,2020-06-11,89
GUERRERO,2020-06-12,86
GUERRERO,2020-06-13,92
GUERRERO,2020-06-14,90
GUERRERO,2020-06-15,77
GUERRERO,2020-06-16,123
GUERRERO,2020-06-17,93
GUERRERO,2020-06-18,99
GUERRERO,2020-06-19,73
GUERRERO,2020-06-20,95
GUERRERO,2020-06-21,99
GUERRERO,2020-06-22,90
GUERRERO,2020-06-23,108
GUERRERO,2020-06-24,111
GUERRERO,2020-06-25,136
GUERRERO,2020-06-26,92
GUERRERO,2020-06-27,107
GUERRERO,2020-06-28,92
GUERRERO,2020-06-29,71
GUERRERO,2020-06-30,107
GUERRERO,2020-07-01,87
GUERRERO,2020-07-02,81
GUERRERO,2020-07-03,124
GUERRERO,2020-07-04,114
GUERRERO,2020-07-05,144
GUERRERO,2020-07-06,85
GUERRERO,2020-07-07,124
GUERRERO,2020-07-08,100
GUERRERO,2020-07-09,132
GUERRERO,2020-07-10,216
GUERRERO,2020-07-11,221
GUERRERO,2020-07-12,215
GUERRERO,2020-07-13,238
GUERRERO,2020-07-14,200
GUERRERO,2020-07-15,159
GUERRERO,2020-07-16,236
GUERRERO,2020-07-17,120
GUERRERO,2020-07-18,153
HIDALGO,2020-03-08,1
HIDALGO,2020-03-22,1
HIDALGO,2020-03-27,1
HIDALGO,2020-03-28,2
HIDALGO,2020-03-29,1
HIDALGO,2020-04-02,2
HIDALGO,2020-04-03,2
HIDALGO,2020-04-04,3
HIDALGO,2020-04-07,5
HIDALGO,2020-04-08,3
HIDALGO,2020-04-09,2
HIDALGO,2020-04-10,3
HIDALGO,2020-04-11,3
HIDALGO,2020-04-12,2
HIDALGO,2020-04-13,4
HIDALGO,2020-04-14,6
HIDALGO,2020-04-15,5
HIDALGO,2020-04-17,1
HIDALGO,2020-04-18,2
HIDALGO,2020-04-19,1
HIDALGO,2020-04-20,3
HIDALGO,2020-04-21,6
HIDALGO,2020-04-22,1
HIDALGO,2020-04-23,3
HIDALGO,2020-04-24,4
HIDALGO,2020-04-25,7
HIDALGO,2020-04-26,7
HIDALGO,2020-04-27,4
HIDALGO,2020-04-28,8
HIDALGO,2020-04-29,5
HIDALGO,2020-04-30,5
HIDALGO,2020-05-01,12
HIDALGO,2020-05-02,6
HIDALGO,2020-05-03,12
HIDALGO,2020-05-04,10
HIDALGO,2020-05-05,26
HIDALGO,2020-05-06,15
HIDALGO,2020-05-07,10
HIDALGO,2020-05-08,13
HIDALGO,2020-05-09,20
HIDALGO,2020-05-10,13
HIDALGO,2020-05-11,20
HIDALGO,2020-05-12,24
HIDALGO,2020-05-13,19
HIDALGO,2020-05-14,14
HIDALGO,2020-05-15,19
HIDALGO,2020-05-16,23
HIDALGO,2020-05-17,15
HIDALGO,2020-05-18,28
HIDALGO,2020-05-19,32
HIDALGO,2020-05-20,27
HIDALGO,2020-05-21,27
HIDALGO,2020-05-22,25
HIDALGO,2020-05-23,38
HIDALGO,2020-05-24,33
HIDALGO,2020-05-25,45
HIDALGO,2020-05-26,54
HIDALGO,2020-05-27,36
HIDALGO,2020-05-28,54
HIDALGO,2020-05-29,60
HIDALGO,2020-05-30,61
HIDALGO,2020-05-31,36
HIDALGO,2020-06-01,40
HIDALGO,2020-06-02,76
HIDALGO,2020-06-03,68
HIDALGO,2020-06-04,67
HIDALGO,2020-06-05,40
HIDALGO,2020-06-06,72
HIDALGO,2020-06-07,72
HIDALGO,2020-06-08,43
HIDALGO,2020-06-09,96
HIDALGO,2020-06-10,59
HIDALGO,2020-06-11,45
HIDALGO,2020-06-12,48
HIDALGO,2020-06-13,54
HIDALGO,2020-06-14,57
HIDALGO,2020-06-15,59
HIDALGO,2020-06-16,65
HIDALGO,2020-06-17,58
HIDALGO,2020-06-18,57
HIDALGO,2020-06-19,53
HIDALGO,2020-06-20,74
HIDALGO,2020-06-21,66
HIDALGO,2020-06-22,60
HIDALGO,2020-06-23,67
HIDALGO,2020-06-24,60
HIDALGO,2020-06-25,82
HIDALGO,2020-06-26,60
HIDALGO,2020-06-27,44
HIDALGO,2020-06-28,52
HIDALGO,2020-06-29,39
HIDALGO,2020-06-30,88
HIDALGO,2020-07-01,51
HIDALGO,2020-07-02,56
HIDALGO,2020-07-03,73
HIDALGO,2020-07-04,48
HIDALGO,2020-07-05,89
HIDALGO,2020-07-06,51
HIDALGO,2020-07-07,63
HIDALGO,2020-07-08,70
HIDALGO,2020-07-09,54
HIDALGO,2020-07-10,76
HIDALGO,2020-07-11,62
HIDALGO,2020-07-12,59
HIDALGO,2020-07-13,59
HIDALGO,2020-07-14,57
HIDALGO,2020-07-15,69
HIDALGO,2020-07-16,90
HIDALGO,2020-07-17,57
HIDALGO,2020-07-18,73
JALISCO,2020-03-16,2
JALISCO,2020-03-19,1
JALISCO,2020-03-21,2
JALISCO,2020-03-22,1
JALISCO,2020-03-23,3
JALISCO,2020-03-24,3
JALISCO,2020-03-25,4
JALISCO,2020-03-26,6
JALISCO,2020-03-27,8
JALISCO,2020-03-28,7
JALISCO,2020-03-29,8
JALISCO,2020-03-30,2
JALISCO,2020-03-31,5
JALISCO,2020-04-01,11
JALISCO,2020-04-02,8
JALISCO,2020-04-04,7
JALISCO,2020-04-05,9
JALISCO,2020-04-06,6
JALISCO,2020-04-07,5
JALISCO,2020-04-08,4
JALISCO,2020-04-09,3
JALISCO,2020-04-10,1
JALISCO,2020-04-11,6
JALISCO,2020-04-12,2
JALISCO,2020-04-13,4
JALISCO,2020-04-14,5
JALISCO,2020-04-15,4
JALISCO,2020-04-16,2
JALISCO,2020-04-17,8
JALISCO,2020-04-18,8
JALISCO,2020-04-19,4
JALISCO,2020-04-20,2
JALISCO,2020-04-21,6
JALISCO,2020-04-22,8
JALISCO,2020-04-23,8
JALISCO,2020-04-24,4
JALISCO,2020-04-25,4
JALISCO,2020-04-26,4
JALISCO,2020-04-27,5
JALISCO,2020-04-28,10
JALISCO,2020-04-29,13
JALISCO,2020-04-30,5
JALISCO,2020-05-01,14
JALISCO,2020-05-02,9
JALISCO,2020-05-03,7
JALISCO,2020-05-04,10
JALISCO,2020-05-05,19
JALISCO,2020-05-06,17
JALISCO,2020-05-07,15
JALISCO,2020-05-08,23
JALISCO,2020-05-09,14
JALISCO,2020-05-10,14
JALISCO,2020-05-11,15
JALISCO,2020-05-12,18
JALISCO,2020-05-13,18
JALISCO,2020-05-14,14
JALISCO,2020-05-15,27
JALISCO,2020-05-16,19
JALISCO,2020-05-17,31
JALISCO,2020-05-18,25
JALISCO,2020-05-19,40
JALISCO,2020-05-20,26
JALISCO,2020-05-21,21
JALISCO,2020-05-22,25
JALISCO,2020-05-23,17
JALISCO,2020-05-24,30
JALISCO,2020-05-25,38
JALISCO,2020-05-26,43
JALISCO,2020-05-27,30
JALISCO,2020-05-28,45
JALISCO,2020-05-29,43
JALISCO,2020-05-30,39
JALISCO,2020-05-31,30
JALISCO,2020-06-01,55
JALISCO,2020-06-02,56
JALISCO,2020-06-03,68
JALISCO,2020-06-04,54
JALISCO,2020-06-05,61
JALISCO,2020-06-06,75
JALISCO,2020-06-07,77
JALISCO,2020-06-08,114
JALISCO,2020-06-09,150
JALISCO,2020-06-10,114
JALISCO,2020-06-11,116
JALISCO,2020-06-12,134
JALISCO,2020-06-13,146
JALISCO,2020-06-14,139
JALISCO,2020-06-15,117
JALISCO,2020-06-16,254
JALISCO,2020-06-17,170
JALISCO,2020-06-18,140
JALISCO,2020-06-19,150
JALISCO,2020-06-20,164
JALISCO,2020-06-21,142
JALISCO,2020-06-22,185
JALISCO,2020-06-23,195
JALISCO,2020-06-24,164
JALISCO,2020-06-25,168
JALISCO,2020-06-26,160
JALISCO,2020-06-27,131
JALISCO,2020-06-28,134
JALISCO,2020-06-29,139
JALISCO,2020-06-30,185
JALISCO,2020-07-01,155
JALISCO,2020-07-02,150
JALISCO,2020-07-03,144
JALISCO,2020-07-04,138
JALISCO,2020-07-05,189
JALISCO,2020-07-06,127
JALISCO,2020-07-07,154
JALISCO,2020-07-08,120
JALISCO,2020-07-09,142
JALISCO,2020-07-10,132
JALISCO,2020-07-11,174
JALISCO,2020-07-12,119
JALISCO,2020-07-13,151
JALISCO,2020-07-14,164
JALISCO,2020-07-15,172
JALISCO,2020-07-16,187
JALISCO,2020-07-17,147
JALISCO,2020-07-18,166
MEXICO,2020-03-05,1
MEXICO,2020-03-07,1
MEXICO,2020-03-15,1
MEXICO,2020-03-17,1
MEXICO,2020-03-18,2
MEXICO,2020-03-20,1
MEXICO,2020-03-22,5
MEXICO,2020-03-23,3
MEXICO,2020-03-24,10
MEXICO,2020-03-25,2
MEXICO,2020-03-26,5
MEXICO,2020-03-27,8
MEXICO,2020-03-28,9
MEXICO,2020-03-29,9
MEXICO,2020-03-30,11
MEXICO,2020-03-31,16
MEXICO,2020-04-01,12
MEXICO,2020-04-02,12
MEXICO,2020-04-03,9
MEXICO,2020-04-04,18
MEXICO,2020-04-05,16
MEXICO,2020-04-06,17
MEXICO,2020-04-07,26
MEXICO,2020-04-08,25
MEXICO,2020-04-09,28
MEXICO,2020-04-10,36
MEXICO,2020-04-11,49
MEXICO,2020-04-12,24
MEXICO,2020-04-13,27
MEXICO,2020-04-14,50
MEXICO,2020-04-15,46
MEXICO,2020-04-16,60
MEXICO,2020-04-17,44
MEXICO,2020-04-18,44
MEXICO,2020-04-19,60
MEXICO,2020-04-20,50
MEXICO,2020-04-21,83
MEXICO,2020-04-22,54
MEXICO,2020-04-23,85
MEXICO,2020-04-24,86
MEXICO,2020-04-25,135
MEXICO,2020-04-26,100
MEXICO,2020-04-27,113
MEXICO,2020-04-28,145
MEXICO,2020-04-29,130
MEXICO,2020-04-30,161
MEXICO,2020-05-01,154
MEXICO,2020-05-02,175
MEXICO,2020-05-03,183
MEXICO,2020-05-04,176
MEXICO,2020-05-05,256
MEXICO,2020-05-06,203
MEXICO,2020-05-07,197
MEXICO,2020-05-08,182
MEXICO,2020-05-09,208
MEXICO,2020-05-10,238
MEXICO,2020-05-11,210
MEXICO,2020-05-12,240
MEXICO,2020-05-13,252
MEXICO,2020-05-14,212
MEXICO,2020-05-15,301
MEXICO,2020-05-16,400
MEXICO,2020-05-17,262
MEXICO,2020-05-18,266
MEXICO,2020-05-19,283
MEXICO,2020-05-20,315
MEXICO,2020-05-21,314
MEXICO,2020-05-22,366
MEXICO,2020-05-23,401
MEXICO,2020-05-24,365
MEXICO,2020-05-25,461
MEXICO,2020-05-26,414
MEXICO,2020-05-27,339
MEXICO,2020-05-28,379
MEXICO,2020-05-29,333
MEXICO,2020-05-30,587
MEXICO,2020-05-31,411
MEXICO,2020-06-01,402
MEXICO,2020-06-02,575
MEXICO,2020-06-03,464
MEXICO,2020-06-04,612
MEXICO,2020-06-05,392
MEXICO,2020-06-06,567
MEXICO,2020-06-07,459
MEXICO,2020-06-08,427
MEXICO,2020-06-09,681
MEXICO,2020-06-10,558
MEXICO,2020-06-11,500
MEXICO,2020-06-12,553
MEXICO,2020-06-13,583
MEXICO,2020-06-14,566
MEXICO,2020-06-15,482
MEXICO,2020-06-16,906
MEXICO,2020-06-17,552
MEXICO,2020-06-18,521
MEXICO,2020-06-19,574
MEXICO,2020-06-20,705
MEXICO,2020-06-21,672
MEXICO,2020-06-22,538
MEXICO,2020-06-23,624
MEXICO,2020-06-24,517
MEXICO,2020-06-25,715
MEXICO,2020-06-26,485
MEXICO,2020-06-27,495
MEXICO,2020-06-28,465
MEXICO,2020-06-29,435
MEXICO,2020-06-30,713
MEXICO,2020-07-01,567
MEXICO,2020-07-02,396
MEXICO,2020-07-03,524
MEXICO,2020-07-04,456
MEXICO,2020-07-05,661
MEXICO,2020-07-06,350
MEXICO,2020-07-07,465
MEXICO,2020-07-08,424
MEXICO,2020-07-09,378
MEXICO,2020-07-10,456
MEXICO,2020-07-11,533
MEXICO,2020-07-12,346
MEXICO,2020-07-13,523
MEXICO,2020-07-14,516
MEXICO,2020-07-15,499
MEXICO,2020-07-16,662
MEXICO,2020-07-17,435
MEXICO,2020-07-18,469
MICHOACAN DE OCAMPO,2020-03-24,1
MICHOACAN DE OCAMPO,2020-03-30,8
MICHOACAN DE OCAMPO,2020-03-31,1
MICHOACAN DE OCAMPO,2020-04-01,1
MICHOACAN DE OCAMPO,2020-04-02,4
MICHOACAN DE OCAMPO,2020-04-04,1
MICHOACAN DE OCAMPO,2020-04-06,3
MICHOACAN DE OCAMPO,2020-04-07,3
MICHOACAN DE OCAMPO,2020-04-08,1
MICHOACAN DE OCAMPO,2020-04-09,2
MICHOACAN DE OCAMPO,2020-04-10,2
MICHOACAN DE OCAMPO,2020-04-11,3
MICHOACAN DE OCAMPO,2020-04-12,1
MICHOACAN DE OCAMPO,2020-04-14,2
MICHOACAN DE OCAMPO,2020-04-16,7
MICHOACAN DE OCAMPO,2020-04-18,2
MICHOACAN DE OCAMPO,2020-04-19,3
MICHOACAN DE OCAMPO,2020-04-20,5
MICHOACAN DE OCAMPO,2020-04-21,4
MICHOACAN DE OCAMPO,2020-04-22,12
MICHOACAN DE OCAMPO,2020-04-23,5
MICHOACAN DE OCAMPO,2020-04-24,4
MICHOACAN DE OCAMPO,2020-04-25,12
MICHOACAN DE OCAMPO,2020-04-26,5
MICHOACAN DE OCAMPO,2020-04-27,8
MICHOACAN DE OCAMPO,2020-04-28,15
MICHOACAN DE OCAMPO,2020-04-29,8
MICHOACAN DE OCAMPO,2020-04-30,10
MICHOACAN DE OCAMPO,2020-05-01,12
MICHOACAN DE OCAMPO,2020-05-02,19
MICHOACAN DE OCAMPO,2020-05-03,13
MICHOACAN DE OCAMPO,2020-05-04,13
MICHOACAN DE OCAMPO,2020-05-05,35
MICHOACAN DE OCAMPO,2020-05-06,16
MICHOACAN DE OCAMPO,2020-05-07,19
MICHOACAN DE OCAMPO,2020-05-08,21
MICHOACAN DE OCAMPO,2020-05-09,24
MICHOACAN DE OCAMPO,2020-05-10,20
MICHOACAN DE OCAMPO,2020-05-11,30
MICHOACAN DE OCAMPO,2020-05-12,22
MICHOACAN DE OCAMPO,2020-05-13,17
MICHOACAN DE OCAMPO,2020-05-14,15
MICHOACAN DE OCAMPO,2020-05-15,23
MICHOACAN DE OCAMPO,2020-05-16,39
MICHOACAN DE OCAMPO,2020-05-17,23
MICHOACAN DE OCAMPO,2020-05-18,48
MICHOACAN DE OCAMPO,2020-05-19,44
MICHOACAN DE OCAMPO,2020-05-20,48
MICHOACAN DE OCAMPO,2020-05-21,38
MICHOACAN DE OCAMPO,2020-05-22,43
MICHOACAN DE OCAMPO,2020-05-23,54
MICHOACAN DE OCAMPO,2020-05-24,39
MICHOACAN DE OCAMPO,2020-05-25,69
MICHOACAN DE OCAMPO,2020-05-26,62
MICHOACAN DE OCAMPO,2020-05-27,57
MICHOACAN DE OCAMPO,2020-05-28,59
MICHOACAN DE OCAMPO,2020-05-29,73
MICHOACAN DE OCAMPO,2020-05-30,88
MICHOACAN DE OCAMPO,2020-05-31,63
MICHOACAN DE OCAMPO,2020-06-01,44
MICHOACAN DE OCAMPO,2020-06-02,76
MICHOACAN DE OCAMPO,2020-06-03,57
MICHOACAN DE OCAMPO,2020-06-04,90
MICHOACAN DE OCAMPO,2020-06-05,70
MICHOACAN DE OCAMPO,2020-06-06,87
MICHOACAN DE OCAMPO,2020-06-07,56
MICHOACAN DE OCAMPO,2020-06-08,92
MICHOACAN DE OCAMPO,2020-06-09,139
MICHOACAN DE OCAMPO,2020-06-10,99
MICHOACAN DE OCAMPO,2020-06-11,99
MICHOACAN DE OCAMPO,2020-06-12,118
MICHOACAN DE OCAMPO,2020-06-13,100
MICHOACAN DE OCAMPO,2020-06-14,89
MICHOACAN DE OCAMPO,2020-06-15,94
MICHOACAN DE OCAMPO,2020-06-16,160
MICHOACAN DE OCAMPO,2020-06-17,123
MICHOACAN DE OCAMPO,2020-06-18,141
MICHOACAN DE OCAMPO,2020-06-19,130
MICHOACAN DE OCAMPO,2020-06-20,123
MICHOACAN DE OCAMPO,2020-06-21,152
MICHOACAN DE OCAMPO,2020-06-22,125
MICHOACAN DE OCAMPO,2020-06-23,138
MICHOACAN DE OCAMPO,2020-06-24,134
MICHOACAN DE OCAMPO,2020-06-25,163
MICHOACAN DE OCAMPO,2020-06-26,121
MICHOACAN DE OCAMPO,2020-06-27,175
MICHOACAN DE OCAMPO,2020-06-28,114
MICHOACAN DE OCAMPO,2020-06-29,147
MICHOACAN DE OCAMPO,2020-06-30,195
MICHOACAN DE OCAMPO,2020-07-01,134
MICHOACAN DE OCAMPO,2020-07-02,127
MICHOACAN DE OCAMPO,2020-07-03,122
MICHOACAN DE OCAMPO,2020-07-04,152
MICHOACAN DE OCAMPO,2020-07-05,169
MICHOACAN DE OCAMPO,2020-07-06,90
MICHOACAN DE OCAMPO,2020-07-07,121
MICHOACAN DE OCAMPO,2020-07-08,105
MICHOACAN DE OCAMPO,2020-07-09,90
MICHOACAN DE OCAMPO,2020-07-10,118
MICHOACAN DE OCAMPO,2020-07-11,108
MICHOACAN DE OCAMPO,2020-07-12,72
MICHOACAN DE OCAMPO,2020-07-13,100
MICHOACAN DE OCAMPO,2020-07-14,105
MICHOACAN DE OCAMPO,2020-07-15,98
MICHOACAN DE OCAMPO,2020-07-16,144
MICHOACAN DE OCAMPO,2020-07-17,103
MICHOACAN DE OCAMPO,2020-07-18,98
MORELOS,2020-03-17,1
MORELOS,2020-03-25,1
MORELOS,2020-03-31,1
MORELOS,2020-04-01,1
MORELOS,2020-04-02,1
MORELOS,2020-04-03,1
MORELOS,2020-04-04,1
MORELOS,2020-04-06,1
MORELOS,2020-04-07,3
MORELOS,2020-04-09,1
MORELOS,2020-04-10,2
MORELOS,2020-04-11,1
MORELOS,2020-04-12,2
MORELOS,2020-04-14,4
MORELOS,2020-04-15,2
MORELOS,2020-04-16,7
MORELOS,2020-04-17,4
MORELOS,2020-04-18,1
MORELOS,2020-04-19,5
MORELOS,2020-04-20,5
MORELOS,2020-04-21,2
MORELOS,2020-04-22,1
MORELOS,2020-04-23,6
MORELOS,2020-04-24,2
MORELOS,2020-04-25,10
MORELOS,2020-04-26,3
MORELOS,2020-04-27,6
MORELOS,2020-04-28,11
MORELOS,2020-04-29,4
MORELOS,2020-04-30,15
MORELOS,2020-05-01,9
MORELOS,2020-05-02,13
MORELOS,2020-05-03,17
MORELOS,2020-05-04,15
MORELOS,2020-05-05,16
MORELOS,2020-05-06,12
MORELOS,2020-05-07,16
MORELOS,2020-05-08,23
MORELOS,2020-05-09,25
MORELOS,2020-05-10,23
MORELOS,2020-05-11,23
MORELOS,2020-05-12,23
MORELOS,2020-05-13,27
MORELOS,2020-05-14,33
MORELOS,2020-05-15,32
MORELOS,2020-05-16,36
MORELOS,2020-05-17,22
MORELOS,2020-05-18,22
MORELOS,2020-05-19,27
MORELOS,2020-05-20,27
MORELOS,2020-05-21,29
MORELOS,2020-05-22,27
MORELOS,2020-05-23,50
MORELOS,2020-05-24,27
MORELOS,2020-05-25,30
MORELOS,2020-05-26,34
MORELOS,2020-05-27,25
MORELOS,2020-05-28,22
MORELOS,2020-05-29,17
MORELOS,2020-05-30,35
MORELOS,2020-05-31,42
MORELOS,2020-06-01,41
MORELOS,2020-06-02,37
MORELOS,2020-06-03,40
MORELOS,2020-06-04,35
MORELOS,2020-06-05,34
MORELOS,2020-06-06,39
MORELOS,2020-06-07,43
MORELOS,2020-06-08,43
MORELOS,2020-06-09,44
MORELOS,2020-06-10,25
MORELOS,2020-06-11,32
MORELOS,2020-06-12,32
MORELOS,2020-06-13,54
MORELOS,2020-06-14,45
MORELOS,2020-06-15,49
MORELOS,2020-06-16,51
MORELOS,2020-06-17,23
MORELOS,2020-06-18,23
MORELOS,2020-06-19,40
MORELOS,2020-06-20,64
MORELOS,2020-06-21,38
MORELOS,2020-06-22,49
MORELOS,2020-06-23,46
MORELOS,2020-06-24,29
MORELOS,2020-06-25,38
MORELOS,2020-06-26,37
MORELOS,2020-06-27,46
MORELOS,2020-06-28,42
MORELOS,2020-06-29,35
MORELOS,2020-06-30,45
MORELOS,2020-07-01,34
MORELOS,2020-07-02,30
MORELOS,2020-07-03,30
MORELOS,2020-07-04,37
MORELOS,2020-07-05,42
MORELOS,2020-07-06,22
MORELOS,2020-07-07,29
MORELOS,2020-07-08,20
MORELOS,2020-07-09,13
MORELOS,2020-07-10,30
MORELOS,2020-07-11,31
MORELOS,2020-07-12,29
MORELOS,2020-07-13,27
MORELOS,2020-07-14,29
MORELOS,2020-07-15,13
MORELOS,2020-07-16,23
MORELOS,2020-07-17,31
MORELOS,2020-07-18,23
NAYARIT,2020-03-25,1
NAYARIT,2020-03-30,1
NAYARIT,2020-04-01,1
NAYARIT,2020-04-03,1
NAYARIT,2020-04-05,1
NAYARIT,2020-04-08,1
NAYARIT,2020-04-11,2
NAYARIT,2020-04-12,1
NAYARIT,2020-04-15,2
NAYARIT,2020-04-16,2
NAYARIT,2020-04-17,2
NAYARIT,2020-04-18,2
NAYARIT,2020-04-19,2
NAYARIT,2020-04-20,2
NAYARIT,2020-04-22,1
NAYARIT,2020-04-23,3
NAYARIT,2020-04-24,2
NAYARIT,2020-04-25,3
NAYARIT,2020-04-26,1
NAYARIT,2020-04-27,1
NAYARIT,2020-04-28,2
NAYARIT,2020-04-29,4
NAYARIT,2020-04-30,1
NAYARIT,2020-05-01,1
NAYARIT,2020-05-02,7
NAYARIT,2020-05-03,2
NAYARIT,2020-05-04,2
NAYARIT,2020-05-05,4
NAYARIT,2020-05-06,1
NAYARIT,2020-05-07,5
NAYARIT,2020-05-08,7
NAYARIT,2020-05-09,10
NAYARIT,2020-05-10,5
NAYARIT,2020-05-11,8
NAYARIT,2020-05-12,6
NAYARIT,2020-05-13,7
NAYARIT,2020-05-14,14
NAYARIT,2020-05-15,15
NAYARIT,2020-05-16,20
NAYARIT,2020-05-17,16
NAYARIT,2020-05-18,11
NAYARIT,2020-05-19,18
NAYARIT,2020-05-20,5
NAYARIT,2020-05-21,12
NAYARIT,2020-05-22,6
NAYARIT,2020-05-23,13
NAYARIT,2020-05-24,13
NAYARIT,2020-05-25,17
NAYARIT,2020-05-26,15
NAYARIT,2020-05-27,13
NAYARIT,2020-05-28,8
NAYARIT,2020-05-29,14
NAYARIT,2020-05-30,17
NAYARIT,2020-05-31,18
NAYARIT,2020-06-01,15
NAYARIT,2020-06-02,15
NAYARIT,2020-06-03,18
NAYARIT,2020-06-04,13
NAYARIT,2020-06-05,12
NAYARIT,2020-06-06,14
NAYARIT,2020-06-07,23
NAYARIT,2020-06-08,26
NAYARIT,2020-06-09,32
NAYARIT,2020-06-10,27
NAYARIT,2020-06-11,14
NAYARIT,2020-06-12,23
NAYARIT,2020-06-13,22
NAYARIT,2020-06-14,21
NAYARIT,2020-06-15,34
NAYARIT,2020-06-16,31
NAYARIT,2020-06-17,24
NAYARIT,2020-06-18,21
NAYARIT,2020-06-19,28
NAYARIT,2020-06-20,23
NAYARIT,2020-06-21,32
NAYARIT,2020-06-22,23
NAYARIT,2020-06-23,38
NAYARIT,2020-06-24,35
NAYARIT,2020-06-25,38
NAYARIT,2020-06-26,32
NAYARIT,2020-06-27,29
NAYARIT,2020-06-28,30
NAYARIT,2020-06-29,35
NAYARIT,2020-06-30,51
NAYARIT,2020-07-01,39
NAYARIT,2020-07-02,33
NAYARIT,2020-07-03,31
NAYARIT,2020-07-04,51
NAYARIT,2020-07-05,38
NAYARIT,2020-07-06,43
NAYARIT,2020-07-07,51
NAYARIT,2020-07-08,52
NAYARIT,2020-07-09,38
NAYARIT,2020-07-10,27
NAYARIT,2020-07-11,45
NAYARIT,2020-07-12,50
NAYARIT,2020-07-13,50
NAYARIT,2020-07-14,50
NAYARIT,2020-07-15,57
NAYARIT,2020-07-16,47
NAYARIT,2020-07-17,38
NAYARIT,2020-07-18,50
NUEVO LEON,2020-01-28,1
NUEVO LEON,2020-03-17,1
NUEVO LEON,2020-03-19,1
NUEVO LEON,2020-03-20,1
NUEVO LEON,2020-03-22,2
NUEVO LEON,2020-03-24,9
NUEVO LEON,2020-03-25,2
NUEVO LEON,2020-03-26,5
NUEVO LEON,2020-03-27,2
NUEVO LEON,2020-03-28,5
NUEVO LEON,2020-03-29,8
NUEVO LEON,2020-03-30,7
NUEVO LEON,2020-03-31,3
NUEVO LEON,2020-04-01,8
NUEVO LEON,2020-04-02,5
NUEVO LEON,2020-04-03,5
NUEVO LEON,2020-04-04,5
NUEVO LEON,2020-04-05,3
NUEVO LEON,2020-04-06,3
NUEVO LEON,2020-04-07,2
NUEVO LEON,2020-04-08,1
NUEVO LEON,2020-04-09,2
NUEVO LEON,2020-04-10,2
NUEVO LEON,2020-04-11,2
NUEVO LEON,2020-04-12,1
NUEVO LEON,2020-04-13,2
NUEVO LEON,2020-04-14,4
NUEVO LEON,2020-04-15,6
NUEVO LEON,2020-04-16,5
NUEVO LEON,2020-04-17,8
NUEVO LEON,2020-04-18,7
NUEVO LEON,2020-04-19,2
NUEVO LEON,2020-04-20,5
NUEVO LEON,2020-04-21,10
NUEVO LEON,2020-04-22,12
NUEVO LEON,2020-04-23,10
NUEVO LEON,2020-04-24,13
NUEVO LEON,2020-04-25,23
NUEVO LEON,2020-04-26,13
NUEVO LEON,2020-04-27,9
NUEVO LEON,2020-04-28,10
NUEVO LEON,2020-04-29,5
NUEVO LEON,2020-04-30,3
NUEVO LEON,2020-05-01,5
NUEVO LEON,2020-05-02,6
NUEVO LEON,2020-05-03,7
NUEVO LEON,2020-05-04,9
NUEVO LEON,2020-05-05,9
NUEVO LEON,2020-05-06,7
NUEVO LEON,2020-05-07,13
NUEVO LEON,2020-05-08,9
NUEVO LEON,2020-05-09,12
NUEVO LEON,2020-05-10,17
NUEVO LEON,2020-05-11,20
NUEVO LEON,2020-05-12,28
NUEVO LEON,2020-05-13,13
NUEVO LEON,2020-05-14,15
NUEVO LEON,2020-05-15,19
NUEVO LEON,2020-05-16,34
NUEVO LEON,2020-05-17,15
NUEVO LEON,2020-05-18,12
NUEVO LEON,2020-05-19,25
NUEVO LEON,2020-05-20,65
NUEVO LEON,2020-05-21,19
NUEVO LEON,2020-05-22,25
NUEVO LEON,2020-05-23,39
NUEVO LEON,2020-05-24,27
NUEVO LEON,2020-05-25,35
NUEVO LEON,2020-05-26,44
NUEVO LEON,2020-05-27,44
NUEVO LEON,2020-05-28,54
NUEVO LEON,2020-05-29,33
NUEVO LEON,2020-05-30,47
NUEVO LEON,2020-05-31,26
NUEVO LEON,2020-06-01,29
NUEVO LEON,2020-06-02,47
NUEVO LEON,2020-06-03,57
NUEVO LEON,2020-06-04,40
NUEVO LEON,2020-06-05,32
NUEVO LEON,2020-06-06,49
NUEVO LEON,2020-06-07,59
NUEVO LEON,2020-06-08,47
NUEVO LEON,2020-06-09,83
NUEVO LEON,2020-06-10,73
NUEVO LEON,2020-06-11,61
NUEVO LEON,2020-06-12,46
NUEVO LEON,2020-06-13,58
NUEVO LEON,2020-06-14,53
NUEVO LEON,2020-06-15,60
NUEVO LEON,2020-06-16,121
NUEVO LEON,2020-06-17,79
NUEVO LEON,2020-06-18,103
NUEVO LEON,2020-06-19,126
NUEVO LEON,2020-06-20,167
NUEVO LEON,2020-06-21,128
NUEVO LEON,2020-06-22,111
NUEVO LEON,2020-06-23,258
NUEVO LEON,2020-06-24,172
NUEVO LEON,2020-06-25,228
NUEVO LEON,2020-06-26,199
NUEVO LEON,2020-06-27,239
NUEVO LEON,2020-06-28,207
NUEVO LEON,2020-06-29,151
NUEVO LEON,2020-06-30,255
NUEVO LEON,2020-07-01,218
NUEVO LEON,2020-07-02,199
NUEVO LEON,2020-07-03,231
NUEVO LEON,2020-07-04,180
NUEVO LEON,2020-07-05,273
NUEVO LEON,2020-07-06,238
NUEVO LEON,2020-07-07,286
NUEVO LEON,2020-07-08,252
NUEVO LEON,2020-07-09,219
NUEVO LEON,2020-07-10,260
NUEVO LEON,2020-07-11,289
NUEVO LEON,2020-07-12,259
NUEVO LEON,2020-07-13,280
NUEVO LEON,2020-07-14,358
NUEVO LEON,2020-07-15,307
NUEVO LEON,2020-07-16,384
NUEVO LEON,2020-07-17,302
NUEVO LEON,2020-07-18,346
OAXACA,2020-03-24,1
OAXACA,2020-03-25,1
OAXACA,2020-03-27,2
OAXACA,2020-03-31,1
OAXACA,2020-04-03,2
OAXACA,2020-04-04,3
OAXACA,2020-04-05,1
OAXACA,2020-04-06,1
OAXACA,2020-04-07,4
OAXACA,2020-04-08,1
OAXACA,2020-04-09,1
OAXACA,2020-04-10,1
OAXACA,2020-04-11,3
OAXACA,2020-04-12,4
OAXACA,2020-04-13,1
OAXACA,2020-04-14,4
OAXACA,2020-04-15,1
OAXACA,2020-04-16,1
OAXACA,2020-04-17,1
OAXACA,2020-04-18,4
OAXACA,2020-04-19,1
OAXACA,2020-04-20,3
OAXACA,2020-04-21,5
OAXACA,2020-04-23,1
OAXACA,2020-04-24,6
OAXACA,2020-04-25,6
OAXACA,2020-04-26,2
OAXACA,2020-04-27,3
OAXACA,2020-04-28,2
OAXACA,2020-04-29,9
OAXACA,2020-04-30,5
OAXACA,2020-05-01,2
OAXACA,2020-05-02,6
OAXACA,2020-05-03,5
OAXACA,2020-05-04,7
OAXACA,2020-05-05,9
OAXACA,2020-05-06,6
OAXACA,2020-05-07,6
OAXACA,2020-05-08,12
OAXACA,2020-05-09,8
OAXACA,2020-05-10,4
OAXACA,2020-05-11,12
OAXACA,2020-05-12,12
OAXACA,2020-05-13,15
OAXACA,2020-05-14,9
OAXACA,2020-05-15,24
OAXACA,2020-05-16,14
OAXACA,2020-05-17,22
OAXACA,2020-05-18,15
OAXACA,2020-05-19,21
OAXACA,2020-05-20,35
OAXACA,2020-05-21,20
OAXACA,2020-05-22,29
OAXACA,2020-05-23,40
OAXACA,2020-05-24,32
OAXACA,2020-05-25,63
OAXACA,2020-05-26,67
OAXACA,2020-05-27,78
OAXACA,2020-05-28,60
OAXACA,2020-05-29,51
OAXACA,2020-05-30,80
OAXACA,2020-05-31,67
OAXACA,2020-06-01,44
OAXACA,2020-06-02,126
OAXACA,2020-06-03,73
OAXACA,2020-06-04,95
OAXACA,2020-06-05,66
OAXACA,2020-06-06,84
OAXACA,2020-06-07,81
OAXACA,2020-06-08,77
OAXACA,2020-06-09,142
OAXACA,2020-06-10,89
OAXACA,2020-06-11,61
OAXACA,2020-06-12,113
OAXACA,2020-06-13,114
OAXACA,2020-06-14,105
OAXACA,2020-06-15,71
OAXACA,2020-06-16,182
OAXACA,2020-06-17,113
OAXACA,2020-06-18,145
OAXACA,2020-06-19,164
OAXACA,2020-06-20,169
OAXACA,2020-06-21,123
OAXACA,2020-06-22,138
OAXACA,2020-06-23,177
OAXACA,2020-06-24,106
OAXACA,2020-06-25,147
OAXACA,2020-06-26,124
OAXACA,2020-06-27,135
OAXACA,2020-06-28,147
OAXACA,2020-06-29,135
OAXACA,2020-06-30,145
OAXACA,2020-07-01,122
OAXACA,2020-07-02,129
OAXACA,2020-07-03,146
OAXACA,2020-07-04,125
OAXACA,2020-07-05,175
OAXACA,2020-07-06,141
OAXACA,2020-07-07,174
OAXACA,2020-07-08,132
OAXACA,2020-07-09,130
OAXACA,2020-07-10,142
OAXACA,2020-07-11,101
OAXACA,2020-07-12,132
OAXACA,2020-07-13,188
OAXACA,2020-07-14,202
OAXACA,2020-07-15,171
OAXACA,2020-07-16,192
OAXACA,2020-07-17,146
OAXACA,2020-07-18,135
PUEBLA,2020-03-20,2
PUEBLA,2020-03-23,2
PUEBLA,2020-03-24,5
PUEBLA,2020-03-25,2
PUEBLA,2020-03-26,2
PUEBLA,2020-03-27,3
PUEBLA,2020-03-28,5
PUEBLA,2020-03-29,4
PUEBLA,2020-03-30,4
PUEBLA,2020-03-31,11
PUEBLA,2020-04-01,4
PUEBLA,2020-04-02,5
PUEBLA,2020-04-03,3
PUEBLA,2020-04-04,8
PUEBLA,2020-04-05,10
PUEBLA,2020-04-06,7
PUEBLA,2020-04-07,11
PUEBLA,2020-04-08,7
PUEBLA,2020-04-09,4
PUEBLA,2020-04-10,6
PUEBLA,2020-04-11,11
PUEBLA,2020-04-12,22
PUEBLA,2020-04-13,22
PUEBLA,2020-04-14,14
PUEBLA,2020-04-15,7
PUEBLA,2020-04-16,16
PUEBLA,2020-04-17,13
PUEBLA,2020-04-18,15
PUEBLA,2020-04-19,11
PUEBLA,2020-04-20,12
PUEBLA,2020-04-21,15
PUEBLA,2020-04-22,5
PUEBLA,2020-04-23,8
PUEBLA,2020-04-24,11
PUEBLA,2020-04-25,10
PUEBLA,2020-04-26,15
PUEBLA,2020-04-27,19
PUEBLA,2020-04-28,24
PUEBLA,2020-04-29,14
PUEBLA,2020-04-30,18
PUEBLA,2020-05-01,16
PUEBLA,2020-05-02,27
PUEBLA,2020-05-03,30
PUEBLA,2020-05-04,23
PUEBLA,2020-05-05,36
PUEBLA,2020-05-06,26
PUEBLA,2020-05-07,19
PUEBLA,2020-05-08,22
PUEBLA,2020-05-09,42
PUEBLA,2020-05-10,30
PUEBLA,2020-05-11,28
PUEBLA,2020-05-12,29
PUEBLA,2020-05-13,20
PUEBLA,2020-05-14,31
PUEBLA,2020-05-15,25
PUEBLA,2020-05-16,53
PUEBLA,2020-05-17,32
PUEBLA,2020-05-18,30
PUEBLA,2020-05-19,53
PUEBLA,2020-05-20,52
PUEBLA,2020-05-21,50
PUEBLA,2020-05-22,60
PUEBLA,2020-05-23,71
PUEBLA,2020-05-24,60
PUEBLA,2020-05-25,69
PUEBLA,2020-05-26,86
PUEBLA,2020-05-27,107
PUEBLA,2020-05-28,96
PUEBLA,2020-05-29,90
PUEBLA,2020-05-30,108
PUEBLA,2020-05-31,72
PUEBLA,2020-06-01,92
PUEBLA,2020-06-02,143
PUEBLA,2020-06-03,93
PUEBLA,2020-06-04,161
PUEBLA,2020-06-05,98
PUEBLA,2020-06-06,139
PUEBLA,2020-06-07,127
PUEBLA,2020-06-08,104
PUEBLA,2020-06-09,161
PUEBLA,2020-06-10,125
PUEBLA,2020-06-11,126
PUEBLA,2020-06-12,158
PUEBLA,2020-06-13,138
PUEBLA,2020-06-14,142
PUEBLA,2020-06-15,114
PUEBLA,2020-06-16,299
PUEBLA,2020-06-17,152
PUEBLA,2020-06-18,155
PUEBLA,2020-06-19,176
PUEBLA,2020-06-20,227
PUEBLA,2020-06-21,205
PUEBLA,2020-06-22,175
PUEBLA,2020-06-23,267
PUEBLA,2020-06-24,213
PUEBLA,2020-06-25,416
PUEBLA,2020-06-26,251
PUEBLA,2020-06-27,318
PUEBLA,2020-06-28,253
PUEBLA,2020-06-29,238
PUEBLA,2020-06-30,501
PUEBLA,2020-07-01,331
PUEBLA,2020-07-02,253
PUEBLA,2020-07-03,346
PUEBLA,2020-07-04,386
PUEBLA,2020-07-05,413
PUEBLA,2020-07-06,212
PUEBLA,2020-07-07,328
PUEBLA,2020-07-08,258
PUEBLA,2020-07-09,217
PUEBLA,2020-07-10,323
PUEBLA,2020-07-11,285
PUEBLA,2020-07-12,228
PUEBLA,2020-07-13,230
PUEBLA,2020-07-14,263
PUEBLA,2020-07-15,255
PUEBLA,2020-07-16,340
PUEBLA,2020-07-17,243
PUEBLA,2020-07-18,182
QUERETARO,2020-03-20,1
QUERETARO,2020-03-23,1
QUERETARO,2020-03-24,1
QUERETARO,2020-03-25,4
QUERETARO,2020-03-26,1
QUERETARO,2020-03-28,1
QUERETARO,2020-03-29,1
QUERETARO,2020-03-30,1
QUERETARO,2020-03-31,3
QUERETARO,2020-04-01,1
QUERETARO,2020-04-02,2
QUERETARO,2020-04-04,3
QUERETARO,2020-04-05,2
QUERETARO,2020-04-06,2
QUERETARO,2020-04-07,4
QUERETARO,2020-04-09,4
QUERETARO,2020-04-10,1
QUERETARO,2020-04-11,3
QUERETARO,2020-04-13,1
QUERETARO,2020-04-15,2
QUERETARO,2020-04-16,4
QUERETARO,2020-04-17,2
QUERETARO,2020-04-18,3
QUERETARO,2020-04-19,3
QUERETARO,2020-04-20,1
QUERETARO,2020-04-21,3
QUERETARO,2020-04-22,3
QUERETARO,2020-04-23,2
QUERETARO,2020-04-24,4
QUERETARO,2020-04-25,5
QUERETARO,2020-04-26,7
QUERETARO,2020-04-27,5
QUERETARO,2020-04-28,1
QUERETARO,2020-04-29,3
QUERETARO,2020-04-30,5
QUERETARO,2020-05-01,2
QUERETARO,2020-05-02,3
QUERETARO,2020-05-03,5
QUERETARO,2020-05-04,2
QUERETARO,2020-05-05,5
QUERETARO,2020-05-06,3
QUERETARO,2020-05-07,8
QUERETARO,2020-05-08,4
QUERETARO,2020-05-09,1
QUERETARO,2020-05-10,7
QUERETARO,2020-05-11,9
QUERETARO,2020-05-12,5
QUERETARO,2020-05-13,5
QUERETARO,2020-05-14,4
QUERETARO,2020-05-15,6
QUERETARO,2020-05-16,10
QUERETARO,2020-05-17,7
QUERETARO,2020-05-18,12
QUERETARO,2020-05-19,10
QUERETARO,2020-05-20,23
QUERETARO,2020-05-21,16
QUERETARO,2020-05-22,34
QUERETARO,2020-05-23,32
QUERETARO,2020-05-24,20
QUERETARO,2020-05-25,33
QUERETARO,2020-05-26,42
QUERETARO,2020-05-27,36
QUERETARO,2020-05-28,17
QUERETARO,2020-05-29,21
QUERETARO,2020-05-30,34
QUERETARO,2020-05-31,43
QUERETARO,2020-06-01,22
QUERETARO,2020-06-02,29
QUERETARO,2020-06-03,37
QUERETARO,2020-06-04,39
QUERETARO,2020-06-05,30
QUERETARO,2020-06-06,30
QUERETARO,2020-06-07,28
QUERETARO,2020-06-08,30
QUERETARO,2020-06-09,43
QUERETARO,2020-06-10,33
QUERETARO,2020-06-11,20
QUERETARO,2020-06-12,27
QUERETARO,2020-06-13,28
QUERETARO,2020-06-14,33
QUERETARO,2020-06-15,23
QUERETARO,2020-06-16,55
QUERETARO,2020-06-17,43
QUERETARO,2020-06-18,31
QUERETARO,2020-06-19,11
QUERETARO,2020-06-20,38
QUERETARO,2020-06-21,32
QUERETARO,2020-06-22,25
QUERETARO,2020-06-23,33
QUERETARO,2020-06-24,31
QUERETARO,2020-06-25,31
QUERETARO,2020-06-26,33
QUERETARO,2020-06-27,26
QUERETARO,2020-06-28,33
QUERETARO,2020-06-29,34
QUERETARO,2020-06-30,30
QUERETARO,2020-07-01,24
QUERETARO,2020-07-02,21
QUERETARO,2020-07-03,26
QUERETARO,2020-07-04,43
QUERETARO,2020-07-05,46
QUERETARO,2020-07-06,32
QUERETARO,2020-07-07,23
QUERETARO,2020-07-08,29
QUERETARO,2020-07-09,31
QUERETARO,2020-07-10,40
QUERETARO,2020-07-11,30
QUERETARO,2020-07-12,42
QUERETARO,2020-07-13,40
QUERETARO,2020-07-14,31
QUERETARO,2020-07-15,39
QUERETARO,2020-07-16,49
QUERETARO,2020-07-17,32
QUERETARO,2020-07-18,44
QUINTANA ROO,2020-03-16,1
QUINTANA ROO,2020-03-23,1
QUINTANA ROO,2020-03-24,1
QUINTANA ROO,2020-03-25,2
QUINTANA ROO,2020-03-26,3
QUINTANA ROO,2020-03-27,1
QUINTANA ROO,2020-03-28,3
QUINTANA ROO,2020-03-29,4
QUINTANA ROO,2020-03-30,4
QUINTANA ROO,2020-03-31,2
QUINTANA ROO,2020-04-01,3
QUINTANA ROO,2020-04-02,6
QUINTANA ROO,2020-04-03,5
QUINTANA ROO,2020-04-04,8
QUINTANA ROO,2020-04-05,7
QUINTANA ROO,2020-04-06,4
QUINTANA ROO,2020-04-07,9
QUINTANA ROO,2020-04-08,5
QUINTANA ROO,2020-04-09,12
QUINTANA ROO,2020-04-10,4
QUINTANA ROO,2020-04-11,15
QUINTANA ROO,2020-04-12,12
QUINTANA ROO,2020-04-13,15
QUINTANA ROO,2020-04-14,14
QUINTANA ROO,2020-04-15,10
QUINTANA ROO,2020-04-16,14
QUINTANA ROO,2020-04-17,11
QUINTANA ROO,2020-04-18,16
QUINTANA ROO,2020-04-19,13
QUINTANA ROO,2020-04-20,21
QUINTANA ROO,2020-04-21,21
QUINTANA ROO,2020-04-22,11
QUINTANA ROO,2020-04-23,10
QUINTANA ROO,2020-04-24,25
QUINTANA ROO,2020-04-25,29
QUINTANA ROO,2020-04-26,23
QUINTANA ROO,2020-04-27,20
QUINTANA ROO,2020-04-28,16
QUINTANA ROO,2020-04-29,20
QUINTANA ROO,2020-04-30,16
QUINTANA ROO,2020-05-01,34
QUINTANA ROO,2020-05-02,23
QUINTANA ROO,2020-05-03,30
QUINTANA ROO,2020-05-04,15
QUINTANA ROO,2020-05-05,46
QUINTANA ROO,2020-05-06,21
QUINTANA ROO,2020-05-07,16
QUINTANA ROO,2020-05-08,18
QUINTANA ROO,2020-05-09,17
QUINTANA ROO,2020-05-10,30
QUINTANA ROO,2020-05-11,28
QUINTANA ROO,2020-05-12,23
QUINTANA ROO,2020-05-13,25
QUINTANA ROO,2020-05-14,24
QUINTANA ROO,2020-05-15,17
QUINTANA ROO,2020-05-16,19
QUINTANA ROO,2020-05-17,69
QUINTANA ROO,2020-05-18,25
QUINTANA ROO,2020-05-19,26
QUINTANA ROO,2020-05-20,13
QUINTANA ROO,2020-05-21,23
QUINTANA ROO,2020-05-22,17
QUINTANA ROO,2020-05-23,31
QUINTANA ROO,2020-05-24,33
QUINTANA ROO,2020-05-25,30
QUINTANA ROO,2020-05-26,11
QUINTANA ROO,2020-05-27,25
QUINTANA ROO,2020-05-28,30
QUINTANA ROO,2020-05-29,22
QUINTANA ROO,2020-05-30,27
QUINTANA ROO,2020-05-31,25
QUINTANA ROO,2020-06-01,20
QUINTANA ROO,2020-06-02,38
QUINTANA ROO,2020-06-03,40
QUINTANA ROO,2020-06-04,32
QUINTANA ROO,2020-06-05,24
QUINTANA ROO,2020-06-06,25
QUINTANA ROO,2020-06-07,28
QUINTANA ROO,2020-06-08,30
QUINTANA ROO,2020-06-09,41
QUINTANA ROO,2020-06-10,15
QUINTANA ROO,2020-06-11,42
QUINTANA ROO,2020-06-12,35
QUINTANA ROO,2020-06-13,31
QUINTANA ROO,2020-06-14,29
QUINTANA ROO,2020-06-15,33
QUINTANA ROO,2020-06-16,42
QUINTANA ROO,2020-06-17,30
QUINTANA ROO,2020-06-18,26
QUINTANA ROO,2020-06-19,23
QUINTANA ROO,2020-06-20,35
QUINTANA ROO,2020-06-21,45
QUINTANA ROO,2020-06-22,45
QUINTANA ROO,2020-06-23,57
QUINTANA ROO,2020-06-24,37
QUINTANA ROO,2020-06-25,57
QUINTANA ROO,2020-06-26,60
QUINTANA ROO,2020-06-27,47
QUINTANA ROO,2020-06-28,48
QUINTANA ROO,2020-06-29,46
QUINTANA ROO,2020-06-30,73
QUINTANA ROO,2020-07-01,54
QUINTANA ROO,2020-07-02,55
QUINTANA ROO,2020-07-03,71
QUINTANA ROO,2020-07-04,84
QUINTANA ROO,2020-07-05,121
QUINTANA ROO,2020-07-06,74
QUINTANA ROO,2020-07-07,81
QUINTANA ROO,2020-07-08,94
QUINTANA ROO,2020-07-09,73
QUINTANA ROO,2020-07-10,100
QUINTANA ROO,2020-07-11,129
QUINTANA ROO,2020-07-12,111
QUINTANA ROO,2020-07-13,149
QUINTANA ROO,2020-07-14,112
QUINTANA ROO,2020-07-15,92
QUINTANA ROO,2020-07-16,117
QUINTANA ROO,2020-07-17,99
QUINTANA ROO,2020-07-18,131
SAN LUIS POTOSI,2020-03-22,1
SAN LUIS POTOSI,2020-03-24,1
SAN LUIS POTOSI,2020-03-26,1
SAN LUIS POTOSI,2020-03-27,1
SAN LUIS POTOSI,2020-03-29,1
SAN LUIS POTOSI,2020-03-30,3
SAN LUIS POTOSI,2020-03-31,2
SAN LUIS POTOSI,2020-04-01,1
SAN LUIS POTOSI,2020-04-02,4
SAN LUIS POTOSI,2020-04-03,2
SAN LUIS POTOSI,2020-04-05,1
SAN LUIS POTOSI,2020-04-06,3
SAN LUIS POTOSI,2020-04-08,5
SAN LUIS POTOSI,2020-04-09,3
SAN LUIS POTOSI,2020-04-10,1
SAN LUIS POTOSI,2020-04-11,3
SAN LUIS POTOSI,2020-04-12,2
SAN LUIS POTOSI,2020-04-13,2
SAN LUIS POTOSI,2020-04-14,1
SAN LUIS POTOSI,2020-04-15,2
SAN LUIS POTOSI,2020-04-16,4
SAN LUIS POTOSI,2020-04-17,3
SAN LUIS POTOSI,2020-04-18,4
SAN LUIS POTOSI,2020-04-19,3
SAN LUIS POTOSI,2020-04-21,1
SAN LUIS POTOSI,2020-04-23,2
SAN LUIS POTOSI,2020-04-24,2
SAN LUIS POTOSI,2020-04-25,2
SAN LUIS POTOSI,2020-04-27,1
SAN LUIS POTOSI,2020-04-28,4
SAN LUIS POTOSI,2020-04-29,5
SAN LUIS POTOSI,2020-04-30,1
SAN LUIS POTOSI,2020-05-01,2
SAN LUIS POTOSI,2020-05-02,1
SAN LUIS POTOSI,2020-05-03,2
SAN LUIS POTOSI,2020-05-04,2
SAN LUIS POTOSI,2020-05-05,10
SAN LUIS POTOSI,2020-05-06,8
SAN LUIS POTOSI,2020-05-07,2
SAN LUIS POTOSI,2020-05-08,3
SAN LUIS POTOSI,2020-05-09,2
SAN LUIS POTOSI,2020-05-10,15
SAN LUIS POTOSI,2020-05-11,9
SAN LUIS POTOSI,2020-05-12,18
SAN LUIS POTOSI,2020-05-13,18
SAN LUIS POTOSI,2020-05-14,7
SAN LUIS POTOSI,2020-05-15,16
SAN LUIS POTOSI,2020-05-16,20
SAN LUIS POTOSI,2020-05-17,14
SAN LUIS POTOSI,2020-05-18,19
SAN LUIS POTOSI,2020-05-19,26
SAN LUIS POTOSI,2020-05-20,26
SAN LUIS POTOSI,2020-05-21,19
SAN LUIS POTOSI,2020-05-22,27
SAN LUIS POTOSI,2020-05-23,27
SAN LUIS POTOSI,2020-05-24,25
SAN LUIS POTOSI,2020-05-25,27
SAN LUIS POTOSI,2020-05-26,18
SAN LUIS POTOSI,2020-05-27,16
SAN LUIS POTOSI,2020-05-28,21
SAN LUIS POTOSI,2020-05-29,33
SAN LUIS POTOSI,2020-05-30,31
SAN LUIS POTOSI,2020-05-31,20
SAN LUIS POTOSI,2020-06-01,26
SAN LUIS POTOSI,2020-06-02,29
SAN LUIS POTOSI,2020-06-03,33
SAN LUIS POTOSI,2020-06-04,42
SAN LUIS POTOSI,2020-06-05,31
SAN LUIS POTOSI,2020-06-06,44
SAN LUIS POTOSI,2020-06-07,47
SAN LUIS POTOSI,2020-06-08,43
SAN LUIS POTOSI,2020-06-09,37
SAN LUIS POTOSI,2020-06-10,29
SAN LUIS POTOSI,2020-06-11,37
SAN LUIS POTOSI,2020-06-12,40
SAN LUIS POTOSI,2020-06-13,50
SAN LUIS POTOSI,2020-06-14,41
SAN LUIS POTOSI,2020-06-15,44
SAN LUIS POTOSI,2020-06-16,76
SAN LUIS POTOSI,2020-06-17,55
SAN LUIS POTOSI,2020-06-18,81
SAN LUIS POTOSI,2020-06-19,57
SAN LUIS POTOSI,2020-06-20,76
SAN LUIS POTOSI,2020-06-21,72
SAN LUIS POTOSI,2020-06-22,68
SAN LUIS POTOSI,2020-06-23,85
SAN LUIS POTOSI,2020-06-24,91
SAN LUIS POTOSI,2020-06-25,61
SAN LUIS POTOSI,2020-06-26,67
SAN LUIS POTOSI,2020-06-27,61
SAN LUIS POTOSI,2020-06-28,79
SAN LUIS POTOSI,2020-06-29,79
SAN LUIS POTOSI,2020-06-30,108
SAN LUIS POTOSI,2020-07-01,82
SAN LUIS POTOSI,2020-07-02,61
SAN LUIS POTOSI,2020-07-03,80
SAN LUIS POTOSI,2020-07-04,105
SAN LUIS POTOSI,2020-07-05,107
SAN LUIS POTOSI,2020-07-06,107
SAN LUIS POTOSI,2020-07-07,134
SAN LUIS POTOSI,2020-07-08,91
SAN LUIS POTOSI,2020-07-09,90
SAN LUIS POTOSI,2020-07-10,94
SAN LUIS POTOSI,2020-07-11,124
SAN LUIS POTOSI,2020-07-12,107
SAN LUIS POTOSI,2020-07-13,125
SAN LUIS POTOSI,2020-07-14,107
SAN LUIS POTOSI,2020-07-15,131
SAN LUIS POTOSI,2020-07-16,145
SAN LUIS POTOSI,2020-07-17,141
SAN LUIS POTOSI,2020-07-18,181
SINALOA,2020-02-13,1
SINALOA,2020-03-24,1
SINALOA,2020-03-27,1
SINALOA,2020-03-30,2
SINALOA,2020-03-31,2
SINALOA,2020-04-01,2
SINALOA,2020-04-03,3
SINALOA,2020-04-04,6
SINALOA,2020-04-05,5
SINALOA,2020-04-06,4
SINALOA,2020-04-07,9
SINALOA,2020-04-08,9
SINALOA,2020-04-09,6
SINALOA,2020-04-10,5
SINALOA,2020-04-11,8
SINALOA,2020-04-12,8
SINALOA,2020-04-13,11
SINALOA,2020-04-14,9
SINALOA,2020-04-15,16
SINALOA,2020-04-16,14
SINALOA,2020-04-17,14
SINALOA,2020-04-18,18
SINALOA,2020-04-19,17
SINALOA,2020-04-20,18
SINALOA,2020-04-21,21
SINALOA,2020-04-22,23
SINALOA,2020-04-23,28
SINALOA,2020-04-24,31
SINALOA,2020-04-25,35
SINALOA,2020-04-26,34
SINALOA,2020-04-27,33
SINALOA,2020-04-28,32
SINALOA,2020-04-29,30
SINALOA,2020-04-30,27
SINALOA,2020-05-01,34
SINALOA,2020-05-02,44
SINALOA,2020-05-03,38
SINALOA,2020-05-04,37
SINALOA,2020-05-05,70
SINALOA,2020-05-06,33
SINALOA,2020-05-07,35
SINALOA,2020-05-08,35
SINALOA,2020-05-09,48
SINALOA,2020-05-10,53
SINALOA,2020-05-11,32
SINALOA,2020-05-12,40
SINALOA,2020-05-13,31
SINALOA,2020-05-14,41
SINALOA,2020-05-15,52
SINALOA,2020-05-16,78
SINALOA,2020-05-17,37
SINALOA,2020-05-18,59
SINALOA,2020-05-19,47
SINALOA,2020-05-20,50
SINALOA,2020-05-21,46
SINALOA,2020-05-22,56
SINALOA,2020-05-23,51
SINALOA,2020-05-24,47
SINALOA,2020-05-25,80
SINALOA,2020-05-26,78
SINALOA,2020-05-27,78
SINALOA,2020-05-28,58
SINALOA,2020-05-29,82
SINALOA,2020-05-30,144
SINALOA,2020-05-31,94
SINALOA,2020-06-01,86
SINALOA,2020-06-02,99
SINALOA,2020-06-03,108
SINALOA,2020-06-04,129
SINALOA,2020-06-05,106
SINALOA,2020-06-06,140
SINALOA,2020-06-07,126
SINALOA,2020-06-08,124
SINALOA,2020-06-09,163
SINALOA,2020-06-10,118
SINALOA,2020-06-11,111
SINALOA,2020-06-12,128
SINALOA,2020-06-13,141
SINALOA,2020-06-14,133
SINALOA,2020-06-15,132
SINALOA,2020-06-16,220
SINALOA,2020-06-17,135
SINALOA,2020-06-18,140
SINALOA,2020-06-19,158
SINALOA,2020-06-20,216
SINALOA,2020-06-21,188
SINALOA,2020-06-22,127
SINALOA,2020-06-23,188
SINALOA,2020-06-24,152
SINALOA,2020-06-25,204
SINALOA,2020-06-26,132
SINALOA,2020-06-27,147
SINALOA,2020-06-28,104
SINALOA,2020-06-29,107
SINALOA,2020-06-30,206
SINALOA,2020-07-01,114
SINALOA,2020-07-02,119
SINALOA,2020-07-03,147
SINALOA,2020-07-04,122
SINALOA,2020-07-05,207
SINALOA,2020-07-06,102
SINALOA,2020-07-07,110
SINALOA,2020-07-08,88
SINALOA,2020-07-09,109
SINALOA,2020-07-10,135
SINALOA,2020-07-11,130
SINALOA,2020-07-12,116
SINALOA,2020-07-13,140
SINALOA,2020-07-14,117
SINALOA,2020-07-15,125
SINALOA,2020-07-16,152
SINALOA,2020-07-17,141
SINALOA,2020-07-18,128
SONORA,2020-03-26,2
SONORA,2020-03-27,2
SONORA,2020-03-28,1
SONORA,2020-03-31,2
SONORA,2020-04-01,4
SONORA,2020-04-02,1
SONORA,2020-04-03,2
SONORA,2020-04-04,1
SONORA,2020-04-06,1
SONORA,2020-04-07,2
SONORA,2020-04-08,3
SONORA,2020-04-09,2
SONORA,2020-04-10,4
SONORA,2020-04-11,3
SONORA,2020-04-12,3
SONORA,2020-04-15,2
SONORA,2020-04-16,9
SONORA,2020-04-17,2
SONORA,2020-04-18,4
SONORA,2020-04-19,8
SONORA,2020-04-20,10
SONORA,2020-04-21,23
SONORA,2020-04-22,13
SONORA,2020-04-23,12
SONORA,2020-04-24,9
SONORA,2020-04-25,13
SONORA,2020-04-26,7
SONORA,2020-04-27,7
SONORA,2020-04-28,5
SONORA,2020-04-29,10
SONORA,2020-04-30,4
SONORA,2020-05-01,13
SONORA,2020-05-02,14
SONORA,2020-05-03,14
SONORA,2020-05-04,13
SONORA,2020-05-05,20
SONORA,2020-05-06,13
SONORA,2020-05-07,17
SONORA,2020-05-08,21
SONORA,2020-05-09,23
SONORA,2020-05-10,24
SONORA,2020-05-11,19
SONORA,2020-05-12,24
SONORA,2020-05-13,23
SONORA,2020-05-14,26
SONORA,2020-05-15,40
SONORA,2020-05-16,49
SONORA,2020-05-17,53
SONORA,2020-05-18,47
SONORA,2020-05-19,65
SONORA,2020-05-20,48
SONORA,2020-05-21,54
SONORA,2020-05-22,71
SONORA,2020-05-23,68
SONORA,2020-05-24,68
SONORA,2020-05-25,90
SONORA,2020-05-26,90
SONORA,2020-05-27,77
SONORA,2020-05-28,86
SONORA,2020-05-29,96
SONORA,2020-05-30,172
SONORA,2020-05-31,162
SONORA,2020-06-01,145
SONORA,2020-06-02,181
SONORA,2020-06-03,138
SONORA,2020-06-04,158
SONORA,2020-06-05,155
SONORA,2020-06-06,207
SONORA,2020-06-07,187
SONORA,2020-06-08,144
SONORA,2020-06-09,195
SONORA,2020-06-10,176
SONORA,2020-06-11,179
SONORA,2020-06-12,181
SONORA,2020-06-13,180
SONORA,2020-06-14,231
SONORA,2020-06-15,152
SONORA,2020-06-16,293
SONORA,2020-06-17,176
SONORA,2020-06-18,157
SONORA,2020-06-19,168
SONORA,2020-06-20,208
SONORA,2020-06-21,206
SONORA,2020-06-22,202
SONORA,2020-06-23,247
SONORA,2020-06-24,179
SONORA,2020-06-25,228
SONORA,2020-06-26,188
SONORA,2020-06-27,227
SONORA,2020-06-28,219
SONORA,2020-06-29,218
SONORA,2020-06-30,302
SONORA,2020-07-01,230
SONORA,2020-07-02,211
SONORA,2020-07-03,252
SONORA,2020-07-04,268
SONORA,2020-07-05,321
SONORA,2020-07-06,223
SONORA,2020-07-07,310
SONORA,2020-07-08,241
SONORA,2020-07-09,232
SONORA,2020-07-10,319
SONORA,2020-07-11,302
SONORA,2020-07-12,228
SONORA,2020-07-13,265
SONORA,2020-07-14,223
SONORA,2020-07-15,222
SONORA,2020-07-16,266
SONORA,2020-07-17,169
SONORA,2020-07-18,212
TABASCO,2020-03-24,3
TABASCO,2020-03-25,2
TABASCO,2020-03-28,2
TABASCO,2020-03-29,2
TABASCO,2020-03-30,1
TABASCO,2020-03-31,3
TABASCO,2020-04-01,2
TABASCO,2020-04-02,5
TABASCO,2020-04-03,6
TABASCO,2020-04-04,4
TABASCO,2020-04-05,5
TABASCO,2020-04-06,4
TABASCO,2020-04-07,6
TABASCO,2020-04-08,6
TABASCO,2020-04-09,10
TABASCO,2020-04-10,6
TABASCO,2020-04-11,5
TABASCO,2020-04-12,12
TABASCO,2020-04-13,10
TABASCO,2020-04-14,10
TABASCO,2020-04-15,8
TABASCO,2020-04-16,8
TABASCO,2020-04-17,16
TABASCO,2020-04-18,12
TABASCO,2020-04-19,20
TABASCO,2020-04-20,16
TABASCO,2020-04-21,26
TABASCO,2020-04-22,26
TABASCO,2020-04-23,21
TABASCO,2020-04-24,35
TABASCO,2020-04-25,43
TABASCO,2020-04-26,18
TABASCO,2020-04-27,33
TABASCO,2020-04-28,34
TABASCO,2020-04-29,52
TABASCO,2020-04-30,37
TABASCO,2020-05-01,48
TABASCO,2020-05-02,45
TABASCO,2020-05-03,55
TABASCO,2020-05-04,60
TABASCO,2020-05-05,53
TABASCO,2020-05-06,45
TABASCO,2020-05-07,39
TABASCO,2020-05-08,42
TABASCO,2020-05-09,59
TABASCO,2020-05-10,47
TABASCO,2020-05-11,30
TABASCO,2020-05-12,43
TABASCO,2020-05-13,47
TABASCO,2020-05-14,40
TABASCO,2020-05-15,64
TABASCO,2020-05-16,74
TABASCO,2020-05-17,59
TABASCO,2020-05-18,64
TABASCO,2020-05-19,93
TABASCO,2020-05-20,88
TABASCO,2020-05-21,74
TABASCO,2020-05-22,100
TABASCO,2020-05-23,105
TABASCO,2020-05-24,85
TABASCO,2020-05-25,111
TABASCO,2020-05-26,116
TABASCO,2020-05-27,82
TABASCO,2020-05-28,85
TABASCO,2020-05-29,109
TABASCO,2020-05-30,139
TABASCO,2020-05-31,92
TABASCO,2020-06-01,89
TABASCO,2020-06-02,111
TABASCO,2020-06-03,115
TABASCO,2020-06-04,189
TABASCO,2020-06-05,128
TABASCO,2020-06-06,140
TABASCO,2020-06-07,126
TABASCO,2020-06-08,122
TABASCO,2020-06-09,228
TABASCO,2020-06-10,124
TABASCO,2020-06-11,105
TABASCO,2020-06-12,145
TABASCO,2020-06-13,177
TABASCO,2020-06-14,155
TABASCO,2020-06-15,111
TABASCO,2020-06-16,338
TABASCO,2020-06-17,136
TABASCO,2020-06-18,159
TABASCO,2020-06-19,171
TABASCO,2020-06-20,301
TABASCO,2020-06-21,245
TABASCO,2020-06-22,179
TABASCO,2020-06-23,268
TABASCO,2020-06-24,176
TABASCO,2020-06-25,303
TABASCO,2020-06-26,219
TABASCO,2020-06-27,277
TABASCO,2020-06-28,208
TABASCO,2020-06-29,167
TABASCO,2020-06-30,342
TABASCO,2020-07-01,289
TABASCO,2020-07-02,180
TABASCO,2020-07-03,287
TABASCO,2020-07-04,259
TABASCO,2020-07-05,363
TABASCO,2020-07-06,228
TABASCO,2020-07-07,289
TABASCO,2020-07-08,230
TABASCO,2020-07-09,220
TABASCO,2020-07-10,375
TABASCO,2020-07-11,330
TABASCO,2020-07-12,233
TABASCO,2020-07-13,297
TABASCO,2020-07-14,326
TABASCO,2020-07-15,331
TABASCO,2020-07-16,393
TABASCO,2020-07-17,305
TABASCO,2020-07-18,291
TAMAULIPAS,2020-03-28,1
TAMAULIPAS,2020-03-29,2
TAMAULIPAS,2020-03-31,3
TAMAULIPAS,2020-04-04,3
TAMAULIPAS,2020-04-05,1
TAMAULIPAS,2020-04-06,2
TAMAULIPAS,2020-04-09,6
TAMAULIPAS,2020-04-10,4
TAMAULIPAS,2020-04-11,3
TAMAULIPAS,2020-04-12,1
TAMAULIPAS,2020-04-13,1
TAMAULIPAS,2020-04-14,10
TAMAULIPAS,2020-04-15,6
TAMAULIPAS,2020-04-16,9
TAMAULIPAS,2020-04-17,5
TAMAULIPAS,2020-04-18,4
TAMAULIPAS,2020-04-19,6
TAMAULIPAS,2020-04-20,6
TAMAULIPAS,2020-04-21,4
TAMAULIPAS,2020-04-22,10
TAMAULIPAS,2020-04-23,7
TAMAULIPAS,2020-04-24,8
TAMAULIPAS,2020-04-25,12
TAMAULIPAS,2020-04-26,16
TAMAULIPAS,2020-04-27,12
TAMAULIPAS,2020-04-28,28
TAMAULIPAS,2020-04-29,21
TAMAULIPAS,2020-04-30,18
TAMAULIPAS,2020-05-01,24
TAMAULIPAS,2020-05-02,28
TAMAULIPAS,2020-05-03,22
TAMAULIPAS,2020-05-04,11
TAMAULIPAS,2020-05-05,33
TAMAULIPAS,2020-05-06,24
TAMAULIPAS,2020-05-07,22
TAMAULIPAS,2020-05-08,24
TAMAULIPAS,2020-05-09,21
TAMAULIPAS,2020-05-10,45
TAMAULIPAS,2020-05-11,37
TAMAULIPAS,2020-05-12,49
TAMAULIPAS,2020-05-13,29
TAMAULIPAS,2020-05-14,28
TAMAULIPAS,2020-05-15,27
TAMAULIPAS,2020-05-16,47
TAMAULIPAS,2020-05-17,24
TAMAULIPAS,2020-05-18,21
TAMAULIPAS,2020-05-19,31
TAMAULIPAS,2020-05-20,42
TAMAULIPAS,2020-05-21,26
TAMAULIPAS,2020-05-22,27
TAMAULIPAS,2020-05-23,21
TAMAULIPAS,2020-05-24,32
TAMAULIPAS,2020-05-25,31
TAMAULIPAS,2020-05-26,41
TAMAULIPAS,2020-05-27,48
TAMAULIPAS,2020-05-28,31
TAMAULIPAS,2020-05-29,54
TAMAULIPAS,2020-05-30,82
TAMAULIPAS,2020-05-31,51
TAMAULIPAS,2020-06-01,44
TAMAULIPAS,2020-06-02,87
TAMAULIPAS,2020-06-03,53
TAMAULIPAS,2020-06-04,86
TAMAULIPAS,2020-06-05,58
TAMAULIPAS,2020-06-06,75
TAMAULIPAS,2020-06-07,60
TAMAULIPAS,2020-06-08,52
TAMAULIPAS,2020-06-09,98
TAMAULIPAS,2020-06-10,77
TAMAULIPAS,2020-06-11,87
TAMAULIPAS,2020-06-12,82
TAMAULIPAS,2020-06-13,68
TAMAULIPAS,2020-06-14,84
TAMAULIPAS,2020-06-15,62
TAMAULIPAS,2020-06-16,140
TAMAULIPAS,2020-06-17,94
TAMAULIPAS,2020-06-18,80
TAMAULIPAS,2020-06-19,92
TAMAULIPAS,2020-06-20,108
TAMAULIPAS,2020-06-21,114
TAMAULIPAS,2020-06-22,93
TAMAULIPAS,2020-06-23,162
TAMAULIPAS,2020-06-24,146
TAMAULIPAS,2020-06-25,171
TAMAULIPAS,2020-06-26,131
TAMAULIPAS,2020-06-27,252
TAMAULIPAS,2020-06-28,177
TAMAULIPAS,2020-06-29,179
TAMAULIPAS,2020-06-30,279
TAMAULIPAS,2020-07-01,261
TAMAULIPAS,2020-07-02,229
TAMAULIPAS,2020-07-03,263
TAMAULIPAS,2020-07-04,281
TAMAULIPAS,2020-07-05,361
TAMAULIPAS,2020-07-06,233
TAMAULIPAS,2020-07-07,278
TAMAULIPAS,2020-07-08,276
TAMAULIPAS,2020-07-09,248
TAMAULIPAS,2020-07-10,277
TAMAULIPAS,2020-07-11,355
TAMAULIPAS,2020-07-12,247
TAMAULIPAS,2020-07-13,216
TAMAULIPAS,2020-07-14,263
TAMAULIPAS,2020-07-15,227
TAMAULIPAS,2020-07-16,307
TAMAULIPAS,2020-07-17,213
TAMAULIPAS,2020-07-18,263
TLAXCALA,2020-03-31,1
TLAXCALA,2020-04-06,1
TLAXCALA,2020-04-07,1
TLAXCALA,2020-04-08,1
TLAXCALA,2020-04-09,2
TLAXCALA,2020-04-11,1
TLAXCALA,2020-04-12,8
TLAXCALA,2020-04-13,2
TLAXCALA,2020-04-14,4
TLAXCALA,2020-04-15,3
TLAXCALA,2020-04-16,2
TLAXCALA,2020-04-17,4
TLAXCALA,2020-04-18,4
TLAXCALA,2020-04-19,7
TLAXCALA,2020-04-20,1
TLAXCALA,2020-04-22,7
TLAXCALA,2020-04-23,8
TLAXCALA,2020-04-24,1
TLAXCALA,2020-04-25,10
TLAXCALA,2020-04-26,1
TLAXCALA,2020-04-27,1
TLAXCALA,2020-04-28,5
TLAXCALA,2020-04-29,9
TLAXCALA,2020-04-30,6
TLAXCALA,2020-05-01,6
TLAXCALA,2020-05-02,4
TLAXCALA,2020-05-03,7
TLAXCALA,2020-05-04,5
TLAXCALA,2020-05-05,18
TLAXCALA,2020-05-06,18
TLAXCALA,2020-05-07,7
TLAXCALA,2020-05-08,7
TLAXCALA,2020-05-09,12
TLAXCALA,2020-05-10,7
TLAXCALA,2020-05-11,15
TLAXCALA,2020-05-12,18
TLAXCALA,2020-05-13,4
TLAXCALA,2020-05-14,11
TLAXCALA,2020-05-15,19
TLAXCALA,2020-05-16,16
TLAXCALA,2020-05-17,10
TLAXCALA,2020-05-18,17
TLAXCALA,2020-05-19,18
TLAXCALA,2020-05-20,14
TLAXCALA,2020-05-21,31
TLAXCALA,2020-05-22,27
TLAXCALA,2020-05-23,24
TLAXCALA,2020-05-24,19
TLAXCALA,2020-05-25,29
TLAXCALA,2020-05-26,34
TLAXCALA,2020-05-27,24
TLAXCALA,2020-05-28,20
TLAXCALA,2020-05-29,33
TLAXCALA,2020-05-30,32
TLAXCALA,2020-05-31,30
TLAXCALA,2020-06-01,36
TLAXCALA,2020-06-02,42
TLAXCALA,2020-06-03,37
TLAXCALA,2020-06-04,53
TLAXCALA,2020-06-05,26
TLAXCALA,2020-06-06,43
TLAXCALA,2020-06-07,29
TLAXCALA,2020-06-08,21
TLAXCALA,2020-06-09,46
TLAXCALA,2020-06-10,25
TLAXCALA,2020-06-11,34
TLAXCALA,2020-06-12,38
TLAXCALA,2020-06-13,45
TLAXCALA,2020-06-14,24
TLAXCALA,2020-06-15,38
TLAXCALA,2020-06-16,66
TLAXCALA,2020-06-17,35
TLAXCALA,2020-06-18,61
TLAXCALA,2020-06-19,30
TLAXCALA,2020-06-20,27
TLAXCALA,2020-06-21,46
TLAXCALA,2020-06-22,40
TLAXCALA,2020-06-23,47
TLAXCALA,2020-06-24,29
TLAXCALA,2020-06-25,72
TLAXCALA,2020-06-26,38
TLAXCALA,2020-06-27,28
TLAXCALA,2020-06-28,37
TLAXCALA,2020-06-29,41
TLAXCALA,2020-06-30,59
TLAXCALA,2020-07-01,43
TLAXCALA,2020-07-02,42
TLAXCALA,2020-07-03,38
TLAXCALA,2020-07-04,66
TLAXCALA,2020-07-05,79
TLAXCALA,2020-07-06,42
TLAXCALA,2020-07-07,65
TLAXCALA,2020-07-08,51
TLAXCALA,2020-07-09,55
TLAXCALA,2020-07-10,52
TLAXCALA,2020-07-11,86
TLAXCALA,2020-07-12,41
TLAXCALA,2020-07-13,71
TLAXCALA,2020-07-14,69
TLAXCALA,2020-07-15,58
TLAXCALA,2020-07-16,59
TLAXCALA,2020-07-17,55
TLAXCALA,2020-07-18,47
VERACRUZ DE IGNACIO DE LA LLAVE,2020-03-18,1
VERACRUZ DE IGNACIO DE LA LLAVE,2020-03-27,4
VERACRUZ DE IGNACIO DE LA LLAVE,2020-03-29,3
VERACRUZ DE IGNACIO DE LA LLAVE,2020-03-30,2
VERACRUZ DE IGNACIO DE LA LLAVE,2020-03-31,2
VERACRUZ DE IGNACIO DE LA LLAVE,2020-04-01,2
VERACRUZ DE IGNACIO DE LA LLAVE,2020-04-02,4
VERACRUZ DE IGNACIO DE LA LLAVE,2020-04-03,2
VERACRUZ DE IGNACIO DE LA LLAVE,2020-04-04,6
VERACRUZ DE IGNACIO DE LA LLAVE,2020-04-05,2
VERACRUZ DE IGNACIO DE LA LLAVE,2020-04-06,1
VERACRUZ DE IGNACIO DE LA LLAVE,2020-04-07,5
VERACRUZ DE IGNACIO DE LA LLAVE,2020-04-09,4
VERACRUZ DE IGNACIO DE LA LLAVE,2020-04-10,3
VERACRUZ DE IGNACIO DE LA LLAVE,2020-04-11,4
VERACRUZ DE IGNACIO DE LA LLAVE,2020-04-12,2
VERACRUZ DE IGNACIO DE LA LLAVE,2020-04-13,4
VERACRUZ DE IGNACIO DE LA LLAVE,2020-04-14,5
VERACRUZ DE IGNACIO DE LA LLAVE,2020-04-15,5
VERACRUZ DE IGNACIO DE LA LLAVE,2020-04-16,6
VERACRUZ DE IGNACIO DE LA LLAVE,2020-04-17,10
VERACRUZ DE IGNACIO DE LA LLAVE,2020-04-18,5
VERACRUZ DE IGNACIO DE LA LLAVE,2020-04-19,3
VERACRUZ DE IGNACIO DE LA LLAVE,2020-04-20,9
VERACRUZ DE IGNACIO DE LA LLAVE,2020-04-21,8
VERACRUZ DE IGNACIO DE LA LLAVE,2020-04-22,10
VERACRUZ DE IGNACIO DE LA LLAVE,2020-04-23,21
VERACRUZ DE IGNACIO DE LA LLAVE,2020-04-24,14
VERACRUZ DE IGNACIO DE LA LLAVE,2020-04-25,16
VERACRUZ DE IGNACIO DE LA LLAVE,2020-04-26,17
VERACRUZ DE IGNACIO DE LA LLAVE,2020-04-27,19
VERACRUZ DE IGNACIO DE LA LLAVE,2020-04-28,26
VERACRUZ DE IGNACIO DE LA LLAVE,2020-04-29,18
VERACRUZ DE IGNACIO DE LA LLAVE,2020-04-30,28
VERACRUZ DE IGNACIO DE LA LLAVE,2020-05-01,24
VERACRUZ DE IGNACIO DE LA LLAVE,2020-05-02,24
VERACRUZ DE IGNACIO DE LA LLAVE,2020-05-03,26
VERACRUZ DE IGNACIO DE LA LLAVE,2020-05-04,21
VERACRUZ DE IGNACIO DE LA LLAVE,2020-05-05,58
VERACRUZ DE IGNACIO DE LA LLAVE,2020-05-06,32
VERACRUZ DE IGNACIO DE LA LLAVE,2020-05-07,33
VERACRUZ DE IGNACIO DE LA LLAVE,2020-05-08,33
VERACRUZ DE IGNACIO DE LA LLAVE,2020-05-09,56
VERACRUZ DE IGNACIO DE LA LLAVE,2020-05-10,57
VERACRUZ DE IGNACIO DE LA LLAVE,2020-05-11,39
VERACRUZ DE IGNACIO DE LA LLAVE,2020-05-12,74
VERACRUZ DE IGNACIO DE LA LLAVE,2020-05-13,63
VERACRUZ DE IGNACIO DE LA LLAVE,2020-05-14,57
VERACRUZ DE IGNACIO DE LA LLAVE,2020-05-15,82
VERACRUZ DE IGNACIO DE LA LLAVE,2020-05-16,90
VERACRUZ DE IGNACIO DE LA LLAVE,2020-05-17,84
VERACRUZ DE IGNACIO DE LA LLAVE,2020-05-18,67
VERACRUZ DE IGNACIO DE LA LLAVE,2020-05-19,70
VERACRUZ DE IGNACIO DE LA LLAVE,2020-05-20,82
VERACRUZ DE IGNACIO DE LA LLAVE,2020-05-21,79
VERACRUZ DE IGNACIO DE LA LLAVE,2020-05-22,78
VERACRUZ DE IGNACIO DE LA LLAVE,2020-05-23,103
VERACRUZ DE IGNACIO DE LA LLAVE,2020-05-24,110
VERACRUZ DE IGNACIO DE LA LLAVE,2020-05-25,103
VERACRUZ DE IGNACIO DE LA LLAVE,2020-05-26,112
VERACRUZ DE IGNACIO DE LA LLAVE,2020-05-27,108
VERACRUZ DE IGNACIO DE LA LLAVE,2020-05-28,114
VERACRUZ DE IGNACIO DE LA LLAVE,2020-05-29,101
VERACRUZ DE IGNACIO DE LA LLAVE,2020-05-30,147
VERACRUZ DE IGNACIO DE LA LLAVE,2020-05-31,110
VERACRUZ DE IGNACIO DE LA LLAVE,2020-06-01,114
VERACRUZ DE IGNACIO DE LA LLAVE,2020-06-02,158
VERACRUZ DE IGNACIO DE LA LLAVE,2020-06-03,121
VERACRUZ DE IGNACIO DE LA LLAVE,2020-06-04,147
VERACRUZ DE IGNACIO DE LA LLAVE,2020-06-05,110
VERACRUZ DE IGNACIO DE LA LLAVE,2020-06-06,160
VERACRUZ DE IGNACIO DE LA LLAVE,2020-06-07,154
VERACRUZ DE IGNACIO DE LA LLAVE,2020-06-08,134
VERACRUZ DE IGNACIO DE LA LLAVE,2020-06-09,185
VERACRUZ DE IGNACIO DE LA LLAVE,2020-06-10,123
VERACRUZ DE IGNACIO DE LA LLAVE,2020-06-11,115
VERACRUZ DE IGNACIO DE LA LLAVE,2020-06-12,127
VERACRUZ DE IGNACIO DE LA LLAVE,2020-06-13,119
VERACRUZ DE IGNACIO DE LA LLAVE,2020-06-14,163
VERACRUZ DE IGNACIO DE LA LLAVE,2020-06-15,131
VERACRUZ DE IGNACIO DE LA LLAVE,2020-06-16,190
VERACRUZ DE IGNACIO DE LA LLAVE,2020-06-17,126
VERACRUZ DE IGNACIO DE LA LLAVE,2020-06-18,156
VERACRUZ DE IGNACIO DE LA LLAVE,2020-06-19,135
VERACRUZ DE IGNACIO DE LA LLAVE,2020-06-20,170
VERACRUZ DE IGNACIO DE LA LLAVE,2020-06-21,172
VERACRUZ DE IGNACIO DE LA LLAVE,2020-06-22,142
VERACRUZ DE IGNACIO DE LA LLAVE,2020-06-23,211
VERACRUZ DE IGNACIO DE LA LLAVE,2020-06-24,162
VERACRUZ DE IGNACIO DE LA LLAVE,2020-06-25,209
VERACRUZ DE IGNACIO DE LA LLAVE,2020-06-26,158
VERACRUZ DE IGNACIO DE LA LLAVE,2020-06-27,225
VERACRUZ DE IGNACIO DE LA LLAVE,2020-06-28,214
VERACRUZ DE IGNACIO DE LA LLAVE,2020-06-29,185
VERACRUZ DE IGNACIO DE LA LLAVE,2020-06-30,293
VERACRUZ DE IGNACIO DE LA LLAVE,2020-07-01,214
VERACRUZ DE IGNACIO DE LA LLAVE,2020-07-02,198
VERACRUZ DE IGNACIO DE LA LLAVE,2020-07-03,221
VERACRUZ DE IGNACIO DE LA LLAVE,2020-07-04,264
VERACRUZ DE IGNACIO DE LA LLAVE,2020-07-05,336
VERACRUZ DE IGNACIO DE LA LLAVE,2020-07-06,192
VERACRUZ DE IGNACIO DE LA LLAVE,2020-07-07,286
VERACRUZ DE IGNACIO DE LA LLAVE,2020-07-08,202
VERACRUZ DE IGNACIO DE LA LLAVE,2020-07-09,246
VERACRUZ DE IGNACIO DE LA LLAVE,2020-07-10,250
VERACRUZ DE IGNACIO DE LA LLAVE,2020-07-11,307
VERACRUZ DE IGNACIO DE LA LLAVE,2020-07-12,266
VERACRUZ DE IGNACIO DE LA LLAVE,2020-07-13,331
VERACRUZ DE IGNACIO DE LA LLAVE,2020-07-14,295
VERACRUZ DE IGNACIO DE LA LLAVE,2020-07-15,312
VERACRUZ DE IGNACIO DE LA LLAVE,2020-07-16,349
VERACRUZ DE IGNACIO DE LA LLAVE,2020-07-17,268
VERACRUZ DE IGNACIO DE LA LLAVE,2020-07-18,309
YUCATAN,2020-03-22,1
YUCATAN,2020-03-23,2
YUCATAN,2020-03-24,1
YUCATAN,2020-03-25,3
YUCATAN,2020-03-26,3
YUCATAN,2020-03-27,1
YUCATAN,2020-03-28,5
YUCATAN,2020-03-29,3
YUCATAN,2020-03-30,1
YUCATAN,2020-03-31,2
YUCATAN,2020-04-01,7
YUCATAN,2020-04-02,5
YUCATAN,2020-04-03,9
YUCATAN,2020-04-04,2
YUCATAN,2020-04-05,3
YUCATAN,2020-04-06,4
YUCATAN,2020-04-07,2
YUCATAN,2020-04-08,1
YUCATAN,2020-04-09,1
YUCATAN,2020-04-10,3
YUCATAN,2020-04-11,4
YUCATAN,2020-04-12,6
YUCATAN,2020-04-13,6
YUCATAN,2020-04-14,6
YUCATAN,2020-04-15,5
YUCATAN,2020-04-16,6
YUCATAN,2020-04-17,8
YUCATAN,2020-04-18,8
YUCATAN,2020-04-19,7
YUCATAN,2020-04-20,4
YUCATAN,2020-04-21,11
YUCATAN,2020-04-22,10
YUCATAN,2020-04-23,11
YUCATAN,2020-04-24,2
YUCATAN,2020-04-25,6
YUCATAN,2020-04-26,15
YUCATAN,2020-04-27,16
YUCATAN,2020-04-28,14
YUCATAN,2020-04-29,6
YUCATAN,2020-04-30,12
YUCATAN,2020-05-01,13
YUCATAN,2020-05-02,17
YUCATAN,2020-05-03,18
YUCATAN,2020-05-04,22
YUCATAN,2020-05-05,26
YUCATAN,2020-05-06,29
YUCATAN,2020-05-07,12
YUCATAN,2020-05-08,25
YUCATAN,2020-05-09,36
YUCATAN,2020-05-10,33
YUCATAN,2020-05-11,36
YUCATAN,2020-05-12,45
YUCATAN,2020-05-13,30
YUCATAN,2020-05-14,17
YUCATAN,2020-05-15,40
YUCATAN,2020-05-16,33
YUCATAN,2020-05-17,35
YUCATAN,2020-05-18,16
YUCATAN,2020-05-19,36
YUCATAN,2020-05-20,28
YUCATAN,2020-05-21,31
YUCATAN,2020-05-22,34
YUCATAN,2020-05-23,40
YUCATAN,2020-05-24,36
YUCATAN,2020-05-25,45
YUCATAN,2020-05-26,43
YUCATAN,2020-05-27,36
YUCATAN,2020-05-28,39
YUCATAN,2020-05-29,33
YUCATAN,2020-05-30,55
YUCATAN,2020-05-31,50
YUCATAN,2020-06-01,42
YUCATAN,2020-06-02,52
YUCATAN,2020-06-03,26
YUCATAN,2020-06-04,53
YUCATAN,2020-06-05,40
YUCATAN,2020-06-06,52
YUCATAN,2020-06-07,38
YUCATAN,2020-06-08,58
YUCATAN,2020-06-09,47
YUCATAN,2020-06-10,36
YUCATAN,2020-06-11,32
YUCATAN,2020-06-12,35
YUCATAN,2020-06-13,47
YUCATAN,2020-06-14,33
YUCATAN,2020-06-15,30
YUCATAN,2020-06-16,55
YUCATAN,2020-06-17,38
YUCATAN,2020-06-18,33
YUCATAN,2020-06-19,48
YUCATAN,2020-06-20,40
YUCATAN,2020-06-21,58
YUCATAN,2020-06-22,48
YUCATAN,2020-06-23,72
YUCATAN,2020-06-24,77
YUCATAN,2020-06-25,84
YUCATAN,2020-06-26,61
YUCATAN,2020-06-27,66
YUCATAN,2020-06-28,68
YUCATAN,2020-06-29,75
YUCATAN,2020-06-30,102
YUCATAN,2020-07-01,115
YUCATAN,2020-07-02,75
YUCATAN,2020-07-03,141
YUCATAN,2020-07-04,113
YUCATAN,2020-07-05,156
YUCATAN,2020-07-06,110
YUCATAN,2020-07-07,135
YUCATAN,2020-07-08,116
YUCATAN,2020-07-09,120
YUCATAN,2020-07-10,134
YUCATAN,2020-07-11,156
YUCATAN,2020-07-12,135
YUCATAN,2020-07-13,130
YUCATAN,2020-07-14,134
YUCATAN,2020-07-15,110
YUCATAN,2020-07-16,168
YUCATAN,2020-07-17,141
YUCATAN,2020-07-18,148
ZACATECAS,2020-03-24,1
ZACATECAS,2020-03-27,1
ZACATECAS,2020-04-01,1
ZACATECAS,2020-04-02,1
ZACATECAS,2020-04-03,2
ZACATECAS,2020-04-05,2
ZACATECAS,2020-04-06,1
ZACATECAS,2020-04-17,1
ZACATECAS,2020-04-18,2
ZACATECAS,2020-04-21,1
ZACATECAS,2020-04-22,1
ZACATECAS,2020-04-23,5
ZACATECAS,2020-04-24,1
ZACATECAS,2020-04-25,4
ZACATECAS,2020-04-26,3
ZACATECAS,2020-04-27,2
ZACATECAS,2020-04-28,2
ZACATECAS,2020-04-29,3
ZACATECAS,2020-04-30,1
ZACATECAS,2020-05-01,7
ZACATECAS,2020-05-02,2
ZACATECAS,2020-05-03,4
ZACATECAS,2020-05-04,4
ZACATECAS,2020-05-05,4
ZACATECAS,2020-05-06,1
ZACATECAS,2020-05-07,4
ZACATECAS,2020-05-08,3
ZACATECAS,2020-05-09,2
ZACATECAS,2020-05-10,2
ZACATECAS,2020-05-11,4
ZACATECAS,2020-05-12,15
ZACATECAS,2020-05-13,7
ZACATECAS,2020-05-14,6
ZACATECAS,2020-05-15,3
ZACATECAS,2020-05-16,5
ZACATECAS,2020-05-17,7
ZACATECAS,2020-05-19,8
ZACATECAS,2020-05-20,10
ZACATECAS,2020-05-21,5
ZACATECAS,2020-05-22,5
ZACATECAS,2020-05-23,6
ZACATECAS,2020-05-24,2
ZACATECAS,2020-05-25,11
ZACATECAS,2020-05-26,2
ZACATECAS,2020-05-27,9
ZACATECAS,2020-05-28,4
ZACATECAS,2020-05-29,8
ZACATECAS,2020-05-30,5
ZACATECAS,2020-05-31,3
ZACATECAS,2020-06-01,4
ZACATECAS,2020-06-02,10
ZACATECAS,2020-06-03,8
ZACATECAS,2020-06-04,7
ZACATECAS,2020-06-05,3
ZACATECAS,2020-06-06,14
ZACATECAS,2020-06-07,3
ZACATECAS,2020-06-08,4
ZACATECAS,2020-06-09,11
ZACATECAS,2020-06-10,5
ZACATECAS,2020-06-11,10
ZACATECAS,2020-06-12,4
ZACATECAS,2020-06-13,6
ZACATECAS,2020-06-14,9
ZACATECAS,2020-06-15,16
ZACATECAS,2020-06-16,19
ZACATECAS,2020-06-17,13
ZACATECAS,2020-06-18,12
ZACATECAS,2020-06-19,16
ZACATECAS,2020-06-20,13
ZACATECAS,2020-06-21,19
ZACATECAS,2020-06-22,25
ZACATECAS,2020-06-23,16
ZACATECAS,2020-06-24,26
ZACATECAS,2020-06-25,24
ZACATECAS,2020-06-26,16
ZACATECAS,2020-06-27,10
ZACATECAS,2020-06-28,24
ZACATECAS,2020-06-29,27
ZACATECAS,2020-06-30,34
ZACATECAS,2020-07-01,20
ZACATECAS,2020-07-02,9
ZACATECAS,2020-07-03,14
ZACATECAS,2020-07-04,31
ZACATECAS,2020-07-05,33
ZACATECAS,2020-07-06,23
ZACATECAS,2020-07-07,30
ZACATECAS,2020-07-08,25
ZACATECAS,2020-07-09,21
ZACATECAS,2020-07-10,28
ZACATECAS,2020-07-11,28
ZACATECAS,2020-07-12,41
ZACATECAS,2020-07-13,43
ZACATECAS,2020-07-14,35
ZACATECAS,2020-07-15,43
ZACATECAS,2020-07-16,47
ZACATECAS,2020-07-17,35
ZACATECAS,2020-07-18,36
